"id","sumLL","BIC","mean_lik","fit_duration","valid_trials","problem_fit","fit_method","bins","alpha_ml","alpha_wm","alpha_var","nu_ml","nu_wm","nu_var","xi_ml","xi_wm","xi_var","sensitivity","response_criterion","sdtTable.11","sdtTable.10","sdtTable.01","sdtTable.00","hit_rate","fa_rate","var.signal","var.noise","condition","reportChasing","R.GPTS.reference","R.GPTS.persecution","spiritual.events","difficulty_halfway","difficulty_end","volatilityJudgment","noticeDifference","religiosity_general","religiosity_lens","religiosity_practice"
"559b8c79fdf99b5ae13fd3d1",-124.789730297653,261.19306362803,0.520861124658238,23.1033980846405,48,TRUE,"grid","30,30,30",0.005,0.214907597211315,0.999734349178387,0.001,0.00391443486305472,0.734101444715167,0.005,0.252209179589496,0.999923609792956,0.117794983402641,0.489624790996778,8,7,16,17,0.333333333333333,0.291666666666667,1,1,"stable",0,2,0,0,99,100,"didNotNotice","""I did not notice any difference at all.""",0,0,0
"559b8c79fdf99b5ae13fd3d1",-108.687921214495,228.989445461714,0.582906179118561,27.8302040100098,48,TRUE,"grid","30,30,30",0.005,0.192502720450194,0.999689565867477,0.001,0.00399997364703785,0.738027753589236,0.005,0.2402448253534,0.999929210741853,0.464061355948157,0.442459072222003,10,6,14,18,0.416666666666667,0.25,1,1,"volatile",0,2,0,0,99,100,"didNotNotice","""I did not notice any difference at all.""",0,0,0
"55c495d2fdf99b2d6cabb691",-88.7759143273605,189.165431687445,0.665381252601455,27.1788198947906,48,TRUE,"grid","30,30,30",0.0302357706030074,0.243284516136281,0.99972417713429,0.001,0.00408266378533571,0.742765718224913,0.0211843046881439,0.29839817118762,0.999933455982589,0.967421566101701,0.483710783050851,12,4,12,20,0.5,0.166666666666667,1,1,"stable",1,1,0,0.0909090909090909,80,82,"didNotNotice","""no none""",1,1,2
"55c495d2fdf99b2d6cabb691",-76.5496448712318,164.712892775187,0.706687641471702,28.5165798664093,48,TRUE,"grid","30,30,30",0.005,0.214046487778838,0.999701386183678,0.001,0.0040086092416801,0.738430095307896,0.005,0.264136695317144,0.999932475967139,1.17784996034963,0.378496585926888,14,4,10,20,0.583333333333333,0.166666666666667,1,1,"volatile",1,1,0,0.0909090909090909,80,82,"didNotNotice","""no none""",1,1,2
"56b8de29e1d0a200051517f8",-104.213807203152,220.041217439028,0.603307324077984,28.1430239677429,48,TRUE,"grid","30,30,30",0.005,0.223153960240025,0.999715758772904,0.001,0.00399545019292119,0.737066228209254,0.005,0.265579706991614,0.9999290904792,0.569856294582006,0.389561602905079,11,6,13,18,0.458333333333333,0.25,1,1,"stable",0,0,0,0.0909090909090909,97,98,"secondBlockIsVolatile","""I didn't notice any difference between the first and second parts.""",1,0,0
"56b8de29e1d0a200051517f8",-87.4532495525059,186.520102137735,0.665337908895454,27.6482148170471,48,TRUE,"grid","30,30,30",0.005,0.232375794834813,0.999737271715235,0.001,0.00395569520009797,0.736212191032669,0.005,0.275707970504694,0.999928026874363,0.967421566101701,0.483710783050851,12,4,12,20,0.5,0.166666666666667,1,1,"volatile",0,0,0,0.0909090909090909,97,98,"secondBlockIsVolatile","""I didn't notice any difference between the first and second parts.""",1,0,0
"56c6d88e0fa600000d5cfdef",-28.8726577360863,69.3589185048962,0.892635581810928,28.9414110183716,48,TRUE,"grid","30,30,30",0.085265746303199,0.227050307541623,0.999702526526589,0.001,0.0041206510888469,0.744280895405217,0.0211843046881439,0.282933649431186,0.999932539889787,2.69908596222395,-0.382121415010272,23,4,1,20,0.958333333333333,0.166666666666667,1,1,"stable",0,5,2,0,88,88,"secondBlockIsVolatile","""i felt that there were less chasing circles in the second part""",0,0,0
"56c6d88e0fa600000d5cfdef",-87.5932576362569,186.800118305237,0.66534253914781,30.305869102478,48,TRUE,"grid","30,30,30",0.005,0.225127662639547,0.999727990844551,0.001,0.00398373138321963,0.737669777849655,0.005,0.272391251120418,0.999929476085929,0.916851257113988,0.353792172942919,13,5,11,19,0.541666666666667,0.208333333333333,1,1,"volatile",0,5,2,0,88,88,"secondBlockIsVolatile","""i felt that there were less chasing circles in the second part""",0,0,0
"579e5da516020100010416b8",-111.932508017583,235.47861906789,0.582563048510951,28.1228060722351,48,TRUE,"grid","30,30,30",0.005,0.281107573480232,0.999768008497433,0.001,0.004033566370558,0.739928393102454,0.0429848376676476,0.315888228368997,0.999927767644687,0.443888827084023,0.326577869156087,11,7,13,17,0.458333333333333,0.291666666666667,1,1,"stable",0,0,0,0,88,93,"didNotNotice","""No I did not notice any difference between the two experiments, except for the colour of the circle.  i was concentrating only on looking for a chaser circle and this was my only focus""",0,1,0
"579e5da516020100010416b8",-109.519614833977,230.652832700678,0.58285350895871,27.2035911083221,48,TRUE,"grid","30,30,30",0.005,0.234414990312935,0.999748624438817,0.001,0.00399427060840571,0.737908969944686,0.0103210631167208,0.269673949642812,0.999921741624079,0.493578437535538,0.565428582732144,9,5,15,19,0.375,0.208333333333333,1,1,"volatile",0,0,0,0,88,93,"didNotNotice","""No I did not notice any difference between the two experiments, except for the colour of the circle.  i was concentrating only on looking for a chaser circle and this was my only focus""",0,1,0
"57c74977b23f0e000182dc3f",-77.9578279380148,167.529258908753,0.706715677363725,26.7314720153809,48,TRUE,"grid","30,30,30",0.0607727315257746,0.217459505230858,0.999694013756469,0.001,0.00413079118459492,0.744785012173758,0.0211843046881439,0.2749162461066,0.999933530549068,1.17784996034963,0.378496585926888,14,4,10,20,0.583333333333333,0.166666666666667,1,1,"stable",0,21,23,1.59090909090909,100,100,"secondBlockIsVolatile","""No, none at all. I did think that the blue circle round was a little easier to determine, however I'm convinced I didn't get a single one right! That was very hard, but fun! It would have been good to see the scores/performance to see how well or awful I performed.""",4,2,4
"57c74977b23f0e000182dc3f",-98.708453894369,209.030510821462,0.624025479454424,27.9975409507751,48,TRUE,"grid","30,30,30",0.005,0.24309452019121,0.999743705796057,0.001,0.00396126673372109,0.736615119845269,0.005,0.287712188332931,0.999929851337939,0.707584345885838,0.458425628556994,11,5,13,19,0.458333333333333,0.208333333333333,1,1,"volatile",0,21,23,1.59090909090909,100,100,"secondBlockIsVolatile","""No, none at all. I did think that the blue circle round was a little easier to determine, however I'm convinced I didn't get a single one right! That was very hard, but fun! It would have been good to see the scores/performance to see how well or awful I performed.""",4,2,4
"585586c728da4d0001884a00",-88.8037713688151,189.221145770354,0.665505219911557,26.6457920074463,48,TRUE,"grid","30,30,30",0.0607727315257746,0.23484712959828,0.999706140185853,0.001,0.00412113352771111,0.744914685909642,0.0211843046881439,0.294799185594592,0.999934756727253,0.967421566101701,0.483710783050851,12,4,12,20,0.5,0.166666666666667,1,1,"stable",0,4,1,0.0454545454545455,100,81,"firstBlockIsVolatile","""It seemed to be easier with the blue circle. Like maybe it was a bit larger in size?""",0,0,0
"585586c728da4d0001884a00",-71.2647670678913,154.143137168506,0.727294683771157,28.2709150314331,48,TRUE,"grid","30,30,30",0.005,0.233790793890156,0.999738633487332,0.001,0.00399443245387701,0.737867083363789,0.005,0.277939752833389,0.999927976804447,1.36077777462393,0.469960493064042,14,3,10,21,0.583333333333333,0.125,1,1,"volatile",0,4,1,0.0454545454545455,100,81,"firstBlockIsVolatile","""It seemed to be easier with the blue circle. Like maybe it was a bit larger in size?""",0,0,0
"58cd0bc2a47dbb000171dc8b",-86.4239036672407,184.461410367205,0.665819170031285,25.9818358421326,48,TRUE,"grid","30,30,30",0.0302357706030074,0.207593824183275,0.999700325828202,0.001,0.00409403961430193,0.743173147959926,0.0148011545095324,0.26064090080839,0.999931542868264,1.17256573285271,0.796711260674282,10,2,14,22,0.416666666666667,0.0833333333333333,1,1,"stable",1,0,0,0,77,64,"didNotNotice","""No, I didn't notice anything different.""",0,0,0
"58cd0bc2a47dbb000171dc8b",-91.7955079421934,195.20461891711,0.645010725342875,28.3845291137695,48,TRUE,"grid","30,30,30",0.005,0.216073402157958,0.999738957614626,0.001,0.00397434717846438,0.737172120028671,0.005,0.253041616134896,0.9999220750387,0.939920986128083,0.680388887311966,10,3,14,21,0.416666666666667,0.125,1,1,"volatile",1,0,0,0,77,64,"didNotNotice","""No, I didn't notice anything different.""",0,0,0
"59f709c1b47dfc0001b65fc9",-123.20211054282,258.017824118364,0.541397816764569,26.6596269607544,48,TRUE,"grid","30,30,30",0.085265746303199,0.272514948521044,0.999747562916131,0.001,0.00417296461605778,0.747350612547502,0.0607727315257746,0.324508266828458,0.999931651648329,0.2140059083503,0.211636409789225,11,9,13,15,0.458333333333333,0.375,1,1,"stable",0,6,6,0,90,78,"didNotNotice","""No I didn't""",0,0,0
"59f709c1b47dfc0001b65fc9",-106.263975213473,224.14155345967,0.603186063946498,27.3809649944305,48,TRUE,"grid","30,30,30",0.005,0.272456939452258,0.999752999895412,0.001,0.00407679202400035,0.741806919886179,0.0302357706030074,0.317360347126198,0.999931332927321,0.548522282698098,0.274261141349049,12,7,12,17,0.5,0.291666666666667,1,1,"volatile",0,6,6,0,90,78,"didNotNotice","""No I didn't""",0,0,0
"5a143884bd04860001b01123",-83.9427831602106,179.499169353145,0.686086117683958,28.7900421619415,48,TRUE,"grid","30,30,30",0.0607727315257746,0.247221489291266,0.999715605066374,0.001,0.00415566449936244,0.746032714527419,0.0429848376676476,0.303172086644227,0.99993427087454,1.07205502171578,0.431394055243813,13,4,11,20,0.541666666666667,0.166666666666667,1,1,"stable",1,4,0,0,99,99,"didNotNotice","""Not really. I felt blue was easier to see a bit but maybe not.""",0,0,0
"5a143884bd04860001b01123",-81.4135871100672,174.440777252858,0.686117010780065,26.033499956131,48,TRUE,"grid","30,30,30",0.005,0.210339727967673,0.999704526635381,0.001,0.00397160729876632,0.7367565018947,0.005,0.259261458529769,0.999931323730874,1.07205502171578,0.431394055243813,13,4,11,20,0.541666666666667,0.166666666666667,1,1,"volatile",1,4,0,0,99,99,"didNotNotice","""Not really. I felt blue was easier to see a bit but maybe not.""",0,0,0
"5b99663d4cefb60001e7a214",-89.0038630743939,189.621329181511,0.665356750703127,28.3575179576874,48,TRUE,"grid","30,30,30",0.0429848376676476,0.233726777741637,0.999705888681973,0.001,0.00410423174602011,0.743680689878703,0.0148011545095324,0.293752861332598,0.99993538840079,0.916851257113988,-0.353792172942919,19,11,5,13,0.791666666666667,0.458333333333333,1,1,"stable",0,2,0,0.0454545454545455,59,62,"secondBlockIsVolatile","""there felt more and quicker movement of circles in second set""",0,0,0
"5b99663d4cefb60001e7a214",-66.4266652675436,144.466933567811,0.747831158561358,25.964008808136,48,TRUE,"grid","30,30,30",0.005,0.25316172488551,0.999748992209211,0.001,0.00398988778456932,0.737832754981283,0.005,0.299076760378811,0.999930749222623,1.46898874434038,-0.415855008205816,21,9,3,15,0.875,0.375,1,1,"volatile",0,2,0,0.0454545454545455,59,62,"secondBlockIsVolatile","""there felt more and quicker movement of circles in second set""",0,0,0
"5ba22638474398000172c47b",-77.6829871168452,166.979577266414,0.706891172193058,27.6312839984894,48,TRUE,"grid","30,30,30",0.0429848376676476,0.222508245913272,0.999694298319293,0.001,0.00411088858554145,0.744398575596053,0.0148011545095324,0.283176142215513,0.999934464252188,1.25498283599008,0.522857962380966,13,3,11,21,0.541666666666667,0.125,1,1,"stable",1,2,0,0,88,90,"secondBlockIsVolatile","""Was the blue moving quicker? It felt like there were less chasing times for the blue""",0,0,0
"5ba22638474398000172c47b",-110.451922859508,232.517448751739,0.582525080444545,26.2735929489136,48,TRUE,"grid","30,30,30",0.005,0.235608396770826,0.999723018130826,0.001,0.00401485961443555,0.738640136283164,0.005,0.286250104756673,0.99993295340406,0.42327281957845,0.10700295417515,13,9,11,15,0.541666666666667,0.375,1,1,"volatile",1,2,0,0,88,90,"secondBlockIsVolatile","""Was the blue moving quicker? It felt like there were less chasing times for the blue""",0,0,0
"5c0873675b32d500012e3f2c",-104.922740455818,221.459083944359,0.603588127699094,25.8529739379883,48,TRUE,"grid","30,30,30",0.005,0.246079288388786,0.99974774859876,0.001,0.00397164778951328,0.736981992177311,0.0103210631167208,0.27979675508187,0.999922981578898,0.601789407251988,0.511323097873919,10,5,14,19,0.416666666666667,0.208333333333333,1,1,"stable",0,0,0,0,58,63,"didNotNotice","""I think the circles moved quicker in the second part.""",0,0,0
"5c0873675b32d500012e3f2c",-137.126740305466,285.867083643656,0.479637389598286,27.9379479885101,48,TRUE,"grid","30,30,30",0.005,0.243521945009268,0.999751453104919,0.001,0.00395485382087427,0.736481202007728,0.005,0.281729666440341,0.999925248884329,-0.125967467497984,0.61150601644709,6,7,18,17,0.25,0.291666666666667,1,1,"volatile",0,0,0,0,58,63,"didNotNotice","""I think the circles moved quicker in the second part.""",0,0,0
"5c23c651d9435800010b7e48",-87.0282850906218,185.670173213967,0.665841357268928,26.3799932003021,48,TRUE,"grid","30,30,30",0.005,0.185974551231842,0.999675540273482,0.001,0.00402315929385887,0.738997607856612,0.0103210631167208,0.23089354870737,0.999927824050928,1.04571592476193,0.627491417995042,11,3,13,21,0.458333333333333,0.125,1,1,"stable",0,1,0,0,96,96,"didNotNotice","""No, I did not notice any difference. If anything, I found it easier to follow the blue circle than the green one, but there was only a very slight difference.""",0,0,0
"5c23c651d9435800010b7e48",-115.505806706501,242.625216445726,0.561972946072204,27.4890971183777,48,TRUE,"grid","30,30,30",0.005,0.231876084331066,0.999714650372812,0.001,0.00402313785769295,0.739177309978786,0.005,0.284099305386764,0.999934116812423,0.318639363964375,0.159319681982188,12,9,12,15,0.5,0.375,1,1,"volatile",0,1,0,0,96,96,"didNotNotice","""No, I did not notice any difference. If anything, I found it easier to follow the blue circle than the green one, but there was only a very slight difference.""",0,0,0
"5c2f6d25e38ccd0001caab19",-54.7624491499823,121.138501332688,0.789666764027945,27.4284429550171,48,TRUE,"grid","30,30,30",0.0429848376676476,0.188887160330329,0.999665116675305,0.001,0.00417696304391311,0.747371557788263,0.0211843046881439,0.245281269659573,0.999933625945746,2.24726252594931,0.913202868726732,14,0,10,24,0.583333333333333,0.0208333333333333,1,1,"stable",0,25,27,0.909090909090909,80,69,"firstBlockIsVolatile","""yes the blue circle was easier to keep track as oppose to the green circle""",2,1,1
"5c2f6d25e38ccd0001caab19",-43.6524094535931,98.9184219399099,0.83064833449069,27.975781917572,48,TRUE,"grid","30,30,30",0.005,0.235858423512755,0.999728990369426,0.001,0.00399357275800398,0.738016865922072,0.005,0.284799498878517,0.999932093732886,2.05748387729672,0.354252188452279,18,2,6,22,0.75,0.0833333333333333,1,1,"volatile",0,25,27,0.909090909090909,80,69,"firstBlockIsVolatile","""yes the blue circle was easier to keep track as oppose to the green circle""",2,1,1
"5c4f7b99b33a5300013dbfdd",-81.7707652324885,175.155133497701,0.686053704327491,28.0115730762482,48,TRUE,"grid","30,30,30",0.0148011545095324,0.217017816133225,0.999714115328742,0.001,0.00399724173410554,0.738493296758738,0.005,0.269458751384353,0.999932153190237,1.07205502171578,0.431394055243813,13,4,11,20,0.541666666666667,0.166666666666667,1,1,"stable",0,1,1,0,81,87,"secondBlockIsVolatile","""I feel like the chaser was further away from the target is the second part compared to the first.""",0,0,0
"5c4f7b99b33a5300013dbfdd",-76.2982453621081,164.21009375694,0.706635906094779,26.4507350921631,48,TRUE,"grid","30,30,30",0.005,0.22915715461072,0.999720009259176,0.001,0.00397209233589971,0.736857404675735,0.005,0.280676491386005,0.999933266189503,1.17784996034963,0.378496585926888,14,4,10,20,0.583333333333333,0.166666666666667,1,1,"volatile",0,1,1,0,81,87,"secondBlockIsVolatile","""I feel like the chaser was further away from the target is the second part compared to the first.""",0,0,0
"5c6351b06fe5f40001e132a0",-100.596381869009,212.806366770741,0.623778810586261,27.2718639373779,48,TRUE,"grid","30,30,30",0.085265746303199,0.249484819957345,0.999721545179989,0.001,0.00406382360303515,0.7412950224902,0.005,0.306568866375602,0.999935933940892,0.641155693543382,-0.110149452523766,16,10,8,14,0.666666666666667,0.416666666666667,1,1,"stable",0,13,21,0.681818181818182,81,76,"didNotNotice","""I  can't say that I noticed the difference but the colour of the ball (green or blue)""",2,0,0
"5c6351b06fe5f40001e132a0",-105.760141280717,223.133885594158,0.603141846960846,26.0954389572144,48,TRUE,"grid","30,30,30",0.005,0.242433779230801,0.999723330147452,0.001,0.004036531427235,0.739966872088311,0.005,0.294890044862627,0.999933697910534,0.535360754909533,0.163046921840691,13,8,11,16,0.541666666666667,0.333333333333333,1,1,"volatile",0,13,21,0.681818181818182,81,76,"didNotNotice","""I  can't say that I noticed the difference but the colour of the ball (green or blue)""",2,0,0
"5cfccc437189a800011a3606",-72.1641145057858,155.941832044295,0.727261245137957,27.1035180091858,48,TRUE,"grid","30,30,30",0.0302357706030074,0.230975251569756,0.999712843495676,0.001,0.0040754914611672,0.742070869628295,0.00718713678608101,0.286548542089615,0.999933497624207,1.36077777462393,0.469960493064042,14,3,10,21,0.583333333333333,0.125,1,1,"stable",0,7,3,0.136363636363636,100,98,"firstBlockIsVolatile","""I didnt notice any difference between the two, I found the blue to be a bit easier """,1,0,0
"5cfccc437189a800011a3606",-66.4600047588848,144.533612550493,0.747892461360601,28.0792548656464,48,TRUE,"grid","30,30,30",0.005,0.237980203549987,0.99972602959257,0.001,0.00402325668661082,0.738892454758895,0.005,0.288489701424172,0.99993255371902,1.39814886539716,0.268347133403122,16,4,8,20,0.666666666666667,0.166666666666667,1,1,"volatile",0,7,3,0.136363636363636,100,98,"firstBlockIsVolatile","""I didnt notice any difference between the two, I found the blue to be a bit easier """,1,0,0
"5d29f6a0c3a53e00182da1f5",-100.974654258218,213.56291154916,0.623774715725837,26.424957036972,48,TRUE,"grid","30,30,30",0.0607727315257746,0.260329261438249,0.999738637957056,0.001,0.00406851908187377,0.742008334367236,0.00718713678608101,0.314345451276259,0.999934354599089,0.641155693543382,0.110149452523766,14,8,10,16,0.583333333333333,0.333333333333333,1,1,"stable",0,9,1,0,88,88,"didNotNotice","""There seemed to be more chasers in the second part""",0,0,0
"5d29f6a0c3a53e00182da1f5",-87.7654252007665,187.144453434257,0.665234495384068,27.5143971443176,48,TRUE,"grid","30,30,30",0.005,0.240791426578528,0.999735026502294,0.001,0.0039494474502119,0.736183177816452,0.005,0.289922186787201,0.999932620626668,0.916851257113988,-0.353792172942919,19,11,5,13,0.791666666666667,0.458333333333333,1,1,"volatile",0,9,1,0,88,88,"didNotNotice","""There seemed to be more chasers in the second part""",0,0,0
"5d3e1489f2d9e800010e4d1c",-63.4210910256516,138.455785084027,0.768496826870004,25.4405739307404,48,TRUE,"grid","30,30,30",0.162091247675962,0.276309800869103,0.999739855586472,0.001,0.00414308358063087,0.745400950289891,0.0429848376676476,0.329715108595973,0.999934254166778,1.48670755169599,-0.0688640256519156,19,6,5,18,0.791666666666667,0.25,1,1,"stable",1,12,18,0.590909090909091,68,50,"secondBlockIsVolatile","""Not really.""",3,1,3
"5d3e1489f2d9e800010e4d1c",-83.3564378835053,178.326478799734,0.685740960307614,27.1354720592499,48,TRUE,"grid","30,30,30",0.005,0.253427595683846,0.99974135889958,0.001,0.00398335126094341,0.73781531483422,0.005,0.304966414614092,0.999934601099214,0.979249581993556,-0.0588974917013204,17,8,7,16,0.708333333333333,0.333333333333333,1,1,"volatile",1,12,18,0.590909090909091,68,50,"secondBlockIsVolatile","""Not really.""",3,1,3
"5d62e42406ed5a001a2084f3",-95.802634118526,203.218871269776,0.644611989247658,28.6348989009857,48,TRUE,"grid","30,30,30",0.11838585053398,0.248337645125507,0.999708388272782,0.001,0.00414330730865747,0.745627616340225,0.0302357706030074,0.308429423972036,0.999936308026083,0.758950676946023,0.169046944225087,14,7,10,17,0.583333333333333,0.291666666666667,1,1,"stable",0,3,12,0.181818181818182,50,50,"secondBlockIsVolatile","""no""",1,0,1
"5d62e42406ed5a001a2084f3",-93.214960653457,198.043524339638,0.644680127867319,27.0446798801422,48,TRUE,"grid","30,30,30",0.005,0.24273655853852,0.999741616087182,0.001,0.00397026902385901,0.737299494473169,0.005,0.289847137963925,0.999930579581106,0.812217801499913,0.406108900749956,12,5,12,19,0.5,0.208333333333333,1,1,"volatile",0,3,12,0.181818181818182,50,50,"secondBlockIsVolatile","""no""",1,0,1
"5dbf5fe16849043f135aa2c0",-93.2291219701862,198.071846973096,0.644693211222184,28.027890920639,48,TRUE,"grid","30,30,30",0.0148011545095324,0.227511809891652,0.999724434340273,0.001,0.00401702508338085,0.739230687463016,0.005,0.278303139682623,0.999931456614012,0.812217801499913,0.406108900749956,12,5,12,19,0.5,0.208333333333333,1,1,"stable",0,15,5,0,71,70,"didNotNotice","""I did not notice a real difference, despite the fact that there seemed to be less chasers in the second. """,1,1,0
"5dbf5fe16849043f135aa2c0",-144.15632785239,299.926258737503,0.458544594370706,25.576523065567,48,TRUE,"grid","30,30,30",0.005,0.250778929828502,0.999746409857759,0.001,0.00407109131719836,0.741366408919867,0.0211843046881439,0.294553205215206,0.999928470762909,-0.2140059083503,0.211636409789225,9,11,15,13,0.375,0.458333333333333,1,1,"volatile",0,15,5,0,71,70,"didNotNotice","""I did not notice a real difference, despite the fact that there seemed to be less chasers in the second. """,1,1,0
"5e7fa0e918b10804bb87eb63",-77.137747419328,165.88909787138,0.706728554759715,27.5874781608582,48,TRUE,"grid","30,30,30",0.0302357706030074,0.243731213592213,0.999732454909564,0.001,0.00404685113888239,0.740777630830784,0.005,0.295676283868788,0.999931809795247,1.25498283599008,0.522857962380966,13,3,11,21,0.541666666666667,0.125,1,1,"stable",0,16,17,0.545454545454545,82,77,"didNotNotice","""No they seemed to be equally difficult""",4,2,3
"5e7fa0e918b10804bb87eb63",-98.5072004392078,208.628003911139,0.624128949309145,26.0105428695679,48,TRUE,"grid","30,30,30",0.005,0.230057919283959,0.999741710605325,0.001,0.00399398323567061,0.738051211639114,0.005,0.270071575297648,0.999925017006508,0.674489750196082,0.337244875098041,12,6,12,18,0.5,0.25,1,1,"volatile",0,16,17,0.545454545454545,82,77,"didNotNotice","""No they seemed to be equally difficult""",4,2,3
"5e909d6c5321c13abee11725",-125.682559652241,262.978722337206,0.501494140083292,27.1195731163025,48,TRUE,"grid","30,30,30",0.00718713678608101,0.0402789404522693,0.910084961752819,0.001,0.00405333149324152,0.742148758484596,0.0211843046881439,0.28772605491965,0.999927314684456,0,-2.03683413170139,24,24,0,0,0.979166666666667,0.979166666666667,1,1,"stable",1,7,4,0,84,98,"secondBlockIsVolatile","""maybe moving slightly different speed""",3,1,2
"5e909d6c5321c13abee11725",-126.341851778163,264.297306589049,0.501109801801125,28.0291209220886,48,TRUE,"grid","30,30,30",0.005,0.0460535085197477,0.932466781096335,0.001,0.00392081480515978,0.735269539356403,0.005,0.276794997784043,0.999923593735779,0,-1.38299412710064,22,22,2,2,0.916666666666667,0.916666666666667,1,1,"volatile",1,7,4,0,84,98,"secondBlockIsVolatile","""maybe moving slightly different speed""",3,1,2
"5ea59ffb9325e15853a82d84",-93.1814713102994,197.976545653322,0.644864775654848,26.0092389583588,48,TRUE,"grid","30,30,30",0.0302357706030074,0.216470511458638,0.999718838533881,0.001,0.00407805094136322,0.742312789975274,0.0148011545095324,0.267319634968688,0.999928854856286,0.862788110487626,0.536027510857888,11,4,13,20,0.458333333333333,0.166666666666667,1,1,"stable",0,2,2,0.0909090909090909,100,77,"didNotNotice","""I thought the second part seemed a bit easier - maybe a bit slower or less circles.""",3,1,1
"5ea59ffb9325e15853a82d84",-68.9364819311937,149.486566895111,0.727722498388899,28.4761800765991,48,TRUE,"grid","30,30,30",0.005,0.189898716795617,0.999712929951722,0.001,0.00394979234742537,0.736062562827348,0.005,0.229330229731513,0.999921838595314,1.73166439612225,0.865832198061123,12,1,12,23,0.5,0.0416666666666667,1,1,"volatile",0,2,2,0.0909090909090909,100,77,"didNotNotice","""I thought the second part seemed a bit easier - maybe a bit slower or less circles.""",3,1,1
"5eaecb0824839e59ed3523eb",-111.248846199473,234.111295431671,0.582529337977467,26.3772780895233,48,TRUE,"grid","30,30,30",0.085265746303199,0.241504146123905,0.999715416253476,0.001,0.0040292081220865,0.739713035786252,0.005,0.296867166309996,0.999935334639047,0.430727299295457,0.215363649647729,12,8,12,16,0.5,0.333333333333333,1,1,"stable",0,1,0,0,85,83,"firstBlockIsVolatile","""I didn't notice any difference at all.""",0,0,0
"5eaecb0824839e59ed3523eb",-65.7246763542351,143.062955741194,0.7479441002216,29.305734872818,48,TRUE,"grid","30,30,30",0.005,0.239130220948916,0.999734769029623,0.001,0.00399289481203801,0.738009353972733,0.005,0.286675454817926,0.999931238683922,1.46898874434038,0.415855008205816,15,3,9,21,0.625,0.125,1,1,"volatile",0,1,0,0,85,83,"firstBlockIsVolatile","""I didn't notice any difference at all.""",0,0,0
"5ef528c2a0603b16a793423d",-138.837557948056,289.288718928835,0.479202221797408,36.0521490573883,48,TRUE,"grid","30,30,30",0.005,0.250861180101564,0.999729560935537,0.001,0.00402825565140947,0.739813557770423,0.005,0.302921032910929,0.999934413007284,-0.104633455614075,0.0523167278070377,11,12,13,12,0.458333333333333,0.5,1,1,"stable",0,2,0,0.181818181818182,92,94,"didNotNotice","""no""",1,1,1
"5ef528c2a0603b16a793423d",-48.7254667492584,109.064536531241,0.809948923756656,31.3429780006409,48,TRUE,"grid","30,30,30",0.005,0.228262354606226,0.99973010320447,0.001,0.00397829629625337,0.737120368226903,0.005,0.274999102635705,0.999930148350585,1.77963936760161,0.0776018823008943,19,4,5,20,0.791666666666667,0.166666666666667,1,1,"volatile",0,2,0,0.181818181818182,92,94,"didNotNotice","""no""",1,1,1
"5efa02a5f512b17ea54f360a",-117.934056232988,247.4817154987,0.541933490325226,32.1219279766083,48,TRUE,"grid","30,30,30",0.0103210631167208,0.180333358066858,0.99968774578381,0.001,0.00395430105388965,0.73685418471649,0.005,0.230307555251612,0.999928277193813,0.29293181590562,0.820955658148891,6,4,18,20,0.25,0.166666666666667,1,1,"stable",0,1,0,0.0909090909090909,87,84,"didNotNotice","""No, I did not see anything different""",1,0,0
"5efa02a5f512b17ea54f360a",-134.185583468165,279.984769969053,0.499880231322151,24.1868710517883,48,TRUE,"grid","30,30,30",0.005,0.294070122762355,0.9997834580736,0.001,0.00403954911949742,0.740373903048651,0.0302357706030074,0.33236414106591,0.999930067190846,0,0.318639363964375,9,9,15,15,0.375,0.375,1,1,"volatile",0,1,0,0.0909090909090909,87,84,"didNotNotice","""No, I did not see anything different""",1,0,0
"5f1088e27a43fe0c64ca5814",-106.430398225745,224.474399484213,0.583129249031566,30.8852341175079,48,TRUE,"grid","30,30,30",0.00718713678608101,0.195310165920472,0.999734773069044,0.001,0.00392462791883268,0.735698179594877,0.005,0.234692175763862,0.99992076344062,0.536694266806244,0.699074432698579,8,4,16,20,0.333333333333333,0.166666666666667,1,1,"stable",0,4,0,0.0909090909090909,100,84,"firstBlockIsVolatile","""It seemed that the circles in the second part were easier to follow. """,3,1,3
"5f1088e27a43fe0c64ca5814",-103.880760172291,219.375123377306,0.603354135890323,32.5394721031189,48,TRUE,"grid","30,30,30",0.005,0.223928023339289,0.999723923644496,0.001,0.0039569762156189,0.736316447307593,0.005,0.272573013214345,0.99993068985547,0.548522282698098,0.274261141349049,12,7,12,17,0.5,0.291666666666667,1,1,"volatile",0,4,0,0.0909090909090909,100,84,"firstBlockIsVolatile","""It seemed that the circles in the second part were easier to follow. """,3,1,3
"5f2458749912ad00087e5677",-121.514901589836,254.643406212397,0.501806441998982,27.6528408527374,48,TRUE,"grid","30,30,30",0.005,0.0892285355454722,0.998896664789809,0.001,0.00372336320801337,0.726953817478113,0.005,0.150592839599906,0.999913665833657,0,2.03683413170139,0,0,24,24,0.0208333333333333,0.0208333333333333,1,1,"stable",0,3,9,0.0909090909090909,80,89,"firstBlockIsVolatile","""I think there were fewer black circles in the second part.""",3,1,1
"5f2458749912ad00087e5677",-117.846012187287,247.305627407298,0.522308578858058,33.0239951610565,48,TRUE,"grid","30,30,30",0.005,0.0990842433056565,0.999157412317795,0.001,0.00382607766052676,0.73193077677968,0.005,0.161288871231636,0.999923236259824,0.305169735579144,1.88424926391182,1,0,23,24,0.0416666666666667,0.0208333333333333,1,1,"volatile",0,3,9,0.0909090909090909,80,89,"firstBlockIsVolatile","""I think there were fewer black circles in the second part.""",3,1,1
"5f628a5497682b3094294505",-127.508040272698,266.629683578119,0.520720309395033,28.9759480953217,48,TRUE,"grid","30,30,30",0.005,0.245217553049152,0.999731308797612,0.001,0.004070290124608,0.741434636369103,0.0211843046881439,0.290045479689596,0.999929371021063,0.10821096971645,0.26453387910615,10,9,14,15,0.416666666666667,0.375,1,1,"stable",1,20,19,0.363636363636364,67,69,"firstBlockIsVolatile","""the cirle was blue""",3,1,4
"5f628a5497682b3094294505",-103.629750483833,218.87310400039,0.603512562749545,32.6112399101257,48,TRUE,"grid","30,30,30",0.005,0.215043448215784,0.999709501405026,0.001,0.0039876272210856,0.737673698413376,0.005,0.263210130216857,0.9999307057049,0.569856294582006,0.389561602905079,11,6,13,18,0.458333333333333,0.25,1,1,"volatile",1,20,19,0.363636363636364,67,69,"firstBlockIsVolatile","""the cirle was blue""",3,1,4
"5fbae54831099083583afff0",-90.7577119108352,193.129026854394,0.645150355323755,32.9278819561005,48,TRUE,"grid","30,30,30",0.0148011545095324,0.180301461873709,0.999681998460441,0.001,0.00402427292467616,0.739795126722062,0.005,0.231596516729325,0.999929512138971,1.06435476313626,0.850816745532507,9,2,15,22,0.375,0.0833333333333333,1,1,"stable",0,8,0,0.0909090909090909,96,97,"didNotNotice","""I didnt notice anything.""",2,1,4
"5fbae54831099083583afff0",-89.8135825571851,191.240768147094,0.645324701851995,35.6735229492188,48,TRUE,"grid","30,30,30",0.005,0.202267802925744,0.999743220712896,0.001,0.00391535368262603,0.734810335019334,0.005,0.23262430068355,0.999914057733351,1.30093709682679,1.08119584770885,8,1,16,23,0.333333333333333,0.0416666666666667,1,1,"volatile",0,8,0,0.0909090909090909,96,97,"didNotNotice","""I didnt notice anything.""",2,1,4
"6062d142077e1d0ec0c9361a",-96.2626647495122,204.138932531748,0.644626682267718,34.1885340213776,48,TRUE,"grid","30,30,30",0.162091247675962,0.278402223347782,0.999737329100091,0.001,0.00417584030548563,0.747071943857135,0.0607727315257746,0.327561766250488,0.999932885297222,0.779123205810157,0.284928147291003,13,6,11,18,0.541666666666667,0.25,1,1,"stable",0,1,0,0.0454545454545455,73,75,"firstBlockIsVolatile","""I didn't notice any particular difference between the two parts of the experiment.""",0,0,0
"6062d142077e1d0ec0c9361a",-75.5581157439159,162.729834520555,0.70686401015779,30.7815840244293,48,TRUE,"grid","30,30,30",0.005,0.21043050558914,0.999707628303906,0.001,0.00400535991755537,0.738322403702853,0.005,0.25986606558624,0.999931101306456,1.25498283599008,0.522857962380966,13,3,11,21,0.541666666666667,0.125,1,1,"volatile",0,1,0,0.0454545454545455,73,75,"firstBlockIsVolatile","""I didn't notice any particular difference between the two parts of the experiment.""",0,0,0
"6065f9d75bd3321f0bafa750",-124.782402390215,261.178407813153,0.521242187295697,30.2570688724518,48,TRUE,"grid","30,30,30",0.0148011545095324,0.206913887821023,0.999722884792047,0.001,0.00402681612183019,0.740288938510906,0.005,0.254165205611102,0.999925721810326,0.137728051303831,0.743353775847997,6,5,18,19,0.25,0.208333333333333,1,1,"stable",0,17,27,0.0909090909090909,98,100,"didNotNotice","""I didn't notice any differences. I don't think I did very well, I found that extremely difficult. (Or maybe it was easy for most and I'm just dumb!)""",0,0,0
"6065f9d75bd3321f0bafa750",-109.316632249617,230.246867531957,0.582843980070473,28.5666282176971,48,TRUE,"grid","30,30,30",0.0211843046881439,0.200372092791499,0.999672143864636,0.001,0.00404534898210906,0.740344705333154,0.005,0.259630888010877,0.999937058780406,0.430727299295457,0.215363649647729,12,8,12,16,0.5,0.333333333333333,1,1,"volatile",0,17,27,0.0909090909090909,98,100,"didNotNotice","""I didn't notice any differences. I don't think I did very well, I found that extremely difficult. (Or maybe it was easy for most and I'm just dumb!)""",0,0,0
"607c5af095d4f618fc21a1d1",-98.1270699292507,207.867742891225,0.624309654873419,32.2704310417175,48,TRUE,"grid","30,30,30",0.005,0.233650482468729,0.999754611584614,0.001,0.00396435529686934,0.736531222424138,0.0148011545095324,0.261030849882921,0.999916976456874,0.831710016411633,0.734494372170192,9,3,15,21,0.375,0.125,1,1,"stable",0,3,1,0.0909090909090909,78,67,"didNotNotice","""LESS AND LARGER BALLS IN THE SECOND ONE""",1,0,0
"607c5af095d4f618fc21a1d1",-106.085008221223,223.78361947517,0.58348984249987,31.2329940795898,48,TRUE,"grid","30,30,30",0.005,0.169821629676078,0.999689092703414,0.001,0.00395455647779759,0.736706199806845,0.005,0.209923659681225,0.999919927377102,0.60182709767791,0.849435831537053,7,3,17,21,0.291666666666667,0.125,1,1,"volatile",0,3,1,0.0909090909090909,78,67,"didNotNotice","""LESS AND LARGER BALLS IN THE SECOND ONE""",1,0,0
"609eda349f5d29975fbc2145",-110.673747796372,232.961098625468,0.582609317417162,26.9671721458435,48,TRUE,"grid","30,30,30",0.0148011545095324,0.25621197112609,0.999749001061109,0.001,0.00402112499228319,0.739616844713521,0.005,0.304471976753526,0.999931662499234,0.443888827084023,0.326577869156087,11,7,13,17,0.458333333333333,0.291666666666667,1,1,"stable",1,3,2,0.0454545454545455,99,97,"didNotNotice","""No I didn't notice any difference""",3,1,0
"609eda349f5d29975fbc2145",-108.158622777225,227.930848587173,0.583024474962588,22.749233007431,48,TRUE,"grid","30,30,30",0.005,0.206605017703119,0.999728665058069,0.001,0.00395520742172545,0.736137826750523,0.005,0.243639821435429,0.999921297386588,0.536694266806244,0.699074432698579,8,4,16,20,0.333333333333333,0.166666666666667,1,1,"volatile",1,3,2,0.0454545454545455,99,97,"didNotNotice","""No I didn't notice any difference""",3,1,0
"60d075b6af3d46debaf3cfd8",-99.2491605150705,210.111924062865,0.604621728378808,31.2498800754547,48,TRUE,"grid","30,30,30",0.0103210631167208,0.160600646618469,0.999670740776346,0.001,0.00406902697019575,0.742729707907416,0.0103210631167208,0.204184381408774,0.999923145972117,1.22461633020148,1.42452596660065,5,0,19,24,0.208333333333333,0.0208333333333333,1,1,"stable",0,0,0,0.0909090909090909,95,94,"didNotNotice","""No but i felt the blue one was being chased more""",1,1,0
"60d075b6af3d46debaf3cfd8",-109.540140962393,230.693884957509,0.563110350005539,28.2189118862152,48,TRUE,"grid","30,30,30",0.005,0.165231010915659,0.999728368045613,0.001,0.00388096145632424,0.734038858447511,0.005,0.18785943357201,0.999895716542498,0.764242830020544,1.34954298111197,4,1,20,23,0.166666666666667,0.0416666666666667,1,1,"volatile",0,0,0,0.0909090909090909,95,94,"didNotNotice","""No but i felt the blue one was being chased more""",1,1,0
"60dd2116d964fd7ff2b9ed54",-115.694666486209,243.002936005142,0.5621169210923,26.1173269748688,48,TRUE,"grid","30,30,30",0.005,0.246589881314896,0.999752717846126,0.001,0.00397489811544733,0.736806818064642,0.0103210631167208,0.279086968873072,0.999922633227223,0.355850386231707,0.496564557080228,9,6,15,18,0.375,0.25,1,1,"stable",0,9,4,0.0454545454545455,82,67,"firstBlockIsVolatile","""it seemed a little more obvious in the second part""",0,0,0
"60dd2116d964fd7ff2b9ed54",-65.0738137953187,141.761230623361,0.748159871384117,26.5200300216675,48,TRUE,"grid","30,30,30",0.005,0.214851736286881,0.999720683284768,0.001,0.00400785941080529,0.738309994453176,0.005,0.257339617317805,0.999926482771228,1.83629785173632,0.813515470254085,13,1,11,23,0.541666666666667,0.0416666666666667,1,1,"volatile",0,9,4,0.0454545454545455,82,67,"firstBlockIsVolatile","""it seemed a little more obvious in the second part""",0,0,0
"60ed501279c68ea1a313d0aa",-92.1731751284291,195.959953289582,0.645396247068429,27.5215198993683,48,TRUE,"grid","30,30,30",0.005,0.184221398197245,0.999710941767817,0.001,0.00403719583087481,0.739997789333793,0.0211843046881439,0.210489604133573,0.999911676484132,0.939920986128083,0.680388887311966,10,3,14,21,0.416666666666667,0.125,1,1,"stable",0,12,2,0,91,92,"didNotNotice","""the blue circle seemed to be going faster than the green one had""",0,1,2
"60ed501279c68ea1a313d0aa",-97.0365233215669,205.686649675857,0.624355844849824,27.8648309707642,48,TRUE,"grid","30,30,30",0.005,0.216129396857422,0.999728058532159,0.001,0.00394325260821778,0.735826384163247,0.005,0.257022025392193,0.999925180448708,0.831710016411633,0.734494372170192,9,3,15,21,0.375,0.125,1,1,"volatile",0,12,2,0,91,92,"didNotNotice","""the blue circle seemed to be going faster than the green one had""",0,1,2
"61112fb91e6eb028aa1ba59b",-100.848102798861,213.309808630446,0.623869274479277,30.9815299510956,48,TRUE,"grid","30,30,30",0.11838585053398,0.239110551272547,0.999717684679387,0.001,0.00417968501196529,0.746574563930097,0.0429848376676476,0.290301847845281,0.999930875790191,0.653155738312174,-0.221944413542011,17,11,7,13,0.708333333333333,0.458333333333333,1,1,"stable",0,5,2,0.636363636363636,73,86,"secondBlockIsVolatile","""the second one felt faster and more sporadic""",4,1,4
"61112fb91e6eb028aa1ba59b",-77.7120062519524,167.037615536628,0.706541455198073,27.3485779762268,48,TRUE,"grid","30,30,30",0.005,0.249624094518464,0.999736265946593,0.001,0.0040112177980506,0.739056006229578,0.005,0.300061375127907,0.999933268309261,1.10521704949154,-0.121881225450312,18,8,6,16,0.75,0.333333333333333,1,1,"volatile",0,5,2,0.636363636363636,73,86,"secondBlockIsVolatile","""the second one felt faster and more sporadic""",4,1,4
"612399c71548ff3b47e406e8",-121.287986944109,254.189576920942,0.521711185382833,26.4637629985809,48,TRUE,"grid","30,30,30",0.005,0.187475795619116,0.999778101048215,0.001,0.00380423538713842,0.730745311960134,0.005,0.18901018175615,0.999873385599844,0.232644746724631,1.26667175373832,3,2,21,22,0.125,0.0833333333333333,1,1,"stable",0,1,7,0.0454545454545455,67,86,"secondBlockIsVolatile","""It seemed harder to see if there was a chaser on the second task.""",1,0,0
"612399c71548ff3b47e406e8",-104.48632403168,220.586251096085,0.583750094846776,28.4094879627228,48,TRUE,"grid","30,30,30",0.005,0.138766908956385,0.999608477433064,0.001,0.0038979628297629,0.734551954689078,0.005,0.180564506794409,0.999915868184227,0.919446594622332,1.27194109881108,5,1,19,23,0.208333333333333,0.0416666666666667,1,1,"volatile",0,1,7,0.0454545454545455,67,86,"secondBlockIsVolatile","""It seemed harder to see if there was a chaser on the second task.""",1,0,0
"6137753896c9b6b5813a2432",-89.1582795416991,189.930162116122,0.665356884477997,31.9441831111908,48,TRUE,"grid","30,30,30",0.005,0.258200177892096,0.99974273996793,0.001,0.00406072490296201,0.741372552061711,0.0302357706030074,0.301259608889573,0.99992988850345,0.861454598590915,5.55111512312578e-17,16,8,8,16,0.666666666666667,0.333333333333333,1,1,"stable",0,0,0,0,97,84,"secondBlockIsVolatile","""where the circles larger or faster in the 2nd part, it seemed so""",0,0,0
"6137753896c9b6b5813a2432",-103.781668129919,219.176939292561,0.603476892489987,28.9241120815277,48,TRUE,"grid","30,30,30",0.005,0.201474329437445,0.999696328259983,0.001,0.00401723873649332,0.739139512048147,0.005,0.253207818355279,0.999931643683522,0.5290677582123,-0.0541054848582252,15,10,9,14,0.625,0.416666666666667,1,1,"volatile",0,0,0,0,97,84,"secondBlockIsVolatile","""where the circles larger or faster in the 2nd part, it seemed so""",0,0,0
"613dd5fb512aabe8d5d32393",-98.4839572579011,208.581517548526,0.624343155436202,28.4220640659332,48,TRUE,"grid","30,30,30",0.0148011545095324,0.253804998196086,0.999762250303643,0.001,0.00407198148416822,0.742110335956246,0.0429848376676476,0.293477628367646,0.999924504400215,0.831710016411633,0.734494372170192,9,3,15,21,0.375,0.125,1,1,"stable",0,23,26,0.227272727272727,89,56,"didNotNotice","""It felt easier to follow the blue on for some reason""",1,0,0
"613dd5fb512aabe8d5d32393",-93.3071002478069,198.227803528338,0.644727820761114,29.6215479373932,48,TRUE,"grid","30,30,30",0.005,0.232699042648571,0.999737659275499,0.001,0.00400757598105082,0.738514059970892,0.00718713678608101,0.274338153757493,0.999926634738149,0.812217801499913,0.406108900749956,12,5,12,19,0.5,0.208333333333333,1,1,"volatile",0,23,26,0.227272727272727,89,56,"didNotNotice","""It felt easier to follow the blue on for some reason""",1,0,0
"614f571879ee135c5a579e08",-98.511471990254,208.636547013232,0.624481209593143,28.4753479957581,48,TRUE,"grid","30,30,30",0.0211843046881439,0.245289841605671,0.99974735233045,0.001,0.00409179963922845,0.743533256265096,0.0302357706030074,0.288888644577757,0.999926926198529,0.831710016411633,0.734494372170192,9,3,15,21,0.375,0.125,1,1,"stable",1,4,1,0.545454545454545,79,85,"secondBlockIsVolatile","""I could be wrong, but the blue circle seemed to move a little faster than the green circle. Also, the movement of all the circles seemed to be more jerky while the circle was blue.""",3,1,3
"614f571879ee135c5a579e08",-85.8121968249498,183.237996682623,0.66566224595414,28.5083041191101,48,TRUE,"grid","30,30,30",0.005,0.192067925766974,0.999719887684057,0.001,0.00394558137745597,0.735959232213402,0.005,0.231101978800977,0.999920625329801,1.04571592476193,0.627491417995042,11,3,13,21,0.458333333333333,0.125,1,1,"volatile",1,4,1,0.545454545454545,79,85,"secondBlockIsVolatile","""I could be wrong, but the blue circle seemed to move a little faster than the green circle. Also, the movement of all the circles seemed to be more jerky while the circle was blue.""",3,1,3
"62682277645054f5802459b8",-120.533609119856,252.680821272436,0.541404614706895,26.7992651462555,48,TRUE,"grid","30,30,30",0.005,0.210062785126959,0.999722433961492,0.001,0.00396310605653239,0.736130273600144,0.005,0.249765047189953,0.999924760635245,0.220298905047533,0.320577846771691,10,8,14,16,0.416666666666667,0.333333333333333,1,1,"stable",0,5,10,0,82,87,"didNotNotice","""they both looked the same to me""",0,0,0
"62682277645054f5802459b8",-121.352482426623,254.318567885969,0.541400790222856,25.7169990539551,48,TRUE,"grid","30,30,30",0.005,0.231728041475905,0.999722559044986,0.001,0.00405056965375896,0.74008761666625,0.0148011545095324,0.278800622204497,0.999930418251653,0.220298905047533,0.320577846771691,10,8,14,16,0.416666666666667,0.333333333333333,1,1,"volatile",0,5,10,0,82,87,"didNotNotice","""they both looked the same to me""",0,0,0
"62a3b97d41ae082b602e815b",-103.595477741135,218.804558514993,0.603665264713709,25.792995929718,48,TRUE,"grid","30,30,30",0.0148011545095324,0.243653221010584,0.99975659749871,0.001,0.00402234987696793,0.739875348058548,0.0148011545095324,0.28531167382647,0.999925100056304,0.648782202137326,0.643030465033038,9,4,15,20,0.375,0.166666666666667,1,1,"stable",0,1,0,0.0454545454545455,90,80,"secondBlockIsVolatile","""I didn't notice any difference really, maybe the second part was more erratic, the circles would speed and slow down more often """,0,0,0
"62a3b97d41ae082b602e815b",-76.2295302974466,164.072663627617,0.706756132441093,27.0934519767761,48,TRUE,"grid","30,30,30",0.005,0.233528366354167,0.999734287518339,0.001,0.00401022824577174,0.738871426118851,0.005,0.279386817738315,0.999929519293707,1.17784996034963,0.378496585926888,14,4,10,20,0.583333333333333,0.166666666666667,1,1,"volatile",0,1,0,0.0454545454545455,90,80,"secondBlockIsVolatile","""I didn't notice any difference really, maybe the second part was more erratic, the circles would speed and slow down more often """,0,0,0
"62aa591a476ebabe28612a92",-138.874338246773,289.36227952627,0.479043040910049,29.529415845871,48,TRUE,"grid","30,30,30",0.005,0.276473506321845,0.999770850128312,0.001,0.00397996164068138,0.737756683754932,0.005,0.321564526203672,0.99993335240713,-0.104633455614075,-0.0523167278070376,12,13,12,11,0.5,0.541666666666667,1,1,"stable",0,3,2,0.136363636363636,68,68,"secondBlockIsVolatile","""I felt the blue circle was a little quicker in it's movement.""",0,0,0
"62aa591a476ebabe28612a92",-111.257965827234,234.129534687191,0.582528641843144,26.4181690216064,48,TRUE,"grid","30,30,30",0.005,0.250502069412758,0.999731709526795,0.001,0.00402522220772059,0.739669438532985,0.005,0.302441570385775,0.999933862729782,0.423272819578451,-0.10700295417515,15,11,9,13,0.625,0.458333333333333,1,1,"volatile",0,3,2,0.136363636363636,68,68,"secondBlockIsVolatile","""I felt the blue circle was a little quicker in it's movement.""",0,0,0
"62aaea96f2e434cf331b5a66",-101.673921746785,214.961446526294,0.623730364493854,28.8686618804932,48,TRUE,"grid","30,30,30",0.085265746303199,0.28219154817407,0.999757500953211,0.001,0.00408539668386156,0.7429023166207,0.0211843046881439,0.334097241267457,0.999934597333477,0.641155693543382,0.110149452523766,14,8,10,16,0.583333333333333,0.333333333333333,1,1,"stable",1,5,0,1.09090909090909,41,45,"didNotNotice","""The circles were slightly bigger on the second part""",4,2,4
"62aaea96f2e434cf331b5a66",-150.860084626583,313.333772285891,0.437740167241031,27.3208389282227,48,TRUE,"grid","30,30,30",0.0429848376676476,0.274369318510529,0.99974913426331,0.001,0.00403627439269022,0.740444763184727,0.005,0.326654488724384,0.999936029398108,-0.315061849862,-0.0528974693169247,11,14,13,10,0.458333333333333,0.583333333333333,1,1,"volatile",1,5,0,1.09090909090909,41,45,"didNotNotice","""The circles were slightly bigger on the second part""",4,2,4
"637e3bedd8c3601a81a65889",-117.297943300885,246.209489634494,0.522226619775445,28.9754152297974,48,TRUE,"grid","30,30,30",0.005,0.101947786100838,0.999242694218152,0.001,0.00374356610515599,0.727795429164304,0.005,0.152033892974103,0.999906978643976,0.305169735579144,1.88424926391182,1,0,23,24,0.0416666666666667,0.0208333333333333,1,1,"stable",0,0,0,0.0454545454545455,30,36,"didNotNotice","""The blue cirle seemed to repel some of the black circles?""",0,0,0
"637e3bedd8c3601a81a65889",-123.678108646799,258.969820326322,0.501647800864583,27.2858109474182,48,TRUE,"grid","30,30,30",0.005,0.12164632376653,0.999532293999745,0.001,0.0038555233482904,0.733122963143699,0.005,0.162616131864547,0.999906240154481,0,1.73166439612225,1,1,23,23,0.0416666666666667,0.0416666666666667,1,1,"volatile",0,0,0,0.0454545454545455,30,36,"didNotNotice","""The blue cirle seemed to repel some of the black circles?""",0,0,0
"63cee08c60670525b4f43946",-99.6855793605322,210.984761753788,0.624609874765802,31.2072849273682,48,TRUE,"grid","30,30,30",0.0607727315257746,0.117706847408157,0.993638895141554,0.001,0.00421964354447508,0.749818459328438,0.0302357706030074,0.317014128167783,0.999942183338208,0.653155738312174,-0.221944413542011,17,11,7,13,0.708333333333333,0.458333333333333,1,1,"stable",0,9,6,0.454545454545455,78,79,"secondBlockIsVolatile","""no, i didn't notice a difference.""",3,1,2
"63cee08c60670525b4f43946",-71.857752859037,155.329108750798,0.727117027048114,30.1728751659393,48,TRUE,"grid","30,30,30",0.005,0.255307371390051,0.999750205120622,0.001,0.00395649757416245,0.736721333070009,0.005,0.30465017589967,0.999933633509183,1.22301203289418,0.0629837337489917,17,6,7,18,0.708333333333333,0.25,1,1,"volatile",0,9,6,0.454545454545455,78,79,"secondBlockIsVolatile","""no, i didn't notice a difference.""",3,1,2
"63d3fc9de67e1179cdf0d080",-93.8429224992414,199.299448031206,0.644654779843996,29.9100470542908,48,TRUE,"grid","30,30,30",0.0211843046881439,0.248731377623162,0.999742887832942,0.001,0.00406050526005129,0.741191584029001,0.0211843046881439,0.296914437284578,0.999930599955684,0.812217801499913,0.406108900749956,12,5,12,19,0.5,0.208333333333333,1,1,"stable",0,17,2,0.0454545454545455,78,81,"didNotNotice","""No I did not notice any apparent differences.  """,2,1,2
"63d3fc9de67e1179cdf0d080",-109.523304331972,230.660211696668,0.582735914148927,28.7072048187256,48,TRUE,"grid","30,30,30",0.005,0.220807303050548,0.999721535680918,0.001,0.00400746589701619,0.73852471711252,0.005,0.267470411774571,0.999929197724615,0.443888827084023,0.326577869156087,11,7,13,17,0.458333333333333,0.291666666666667,1,1,"volatile",0,17,2,0.0454545454545455,78,81,"didNotNotice","""No I did not notice any apparent differences.  """,2,1,2
"63ed50df25d0ea08696b393f",-106.479953393243,224.573509819209,0.603148773913706,30.2555298805237,48,TRUE,"grid","30,30,30",0.085265746303199,0.253957565367024,0.999720751425015,0.001,0.00409735784982507,0.742800597579338,0.0211843046881439,0.309415829748257,0.999935460925165,0.535360754909533,-0.163046921840691,16,11,8,13,0.666666666666667,0.458333333333333,1,1,"stable",0,1,1,0.0454545454545455,88,91,"secondBlockIsVolatile","""no i didnt notice anything different apart from the colour""",0,0,0
"63ed50df25d0ea08696b393f",-109.861490253938,231.336583540599,0.582633774822294,28.2118501663208,48,TRUE,"grid","30,30,30",0.005,0.224631315098002,0.999711265737327,0.001,0.00399151110356161,0.737888055344491,0.005,0.277540969283071,0.999933858530698,0.42085678849585,-6.93889390390723e-17,14,10,10,14,0.583333333333333,0.416666666666667,1,1,"volatile",0,1,1,0.0454545454545455,88,91,"secondBlockIsVolatile","""no i didnt notice anything different apart from the colour""",0,0,0
"641384b3dffcf39ec42d3c23",-89.9876301934937,191.588863419711,0.665309844933102,17.6938049793243,48,TRUE,"grid","30,30,30",0.162091247675962,0.257751091778069,0.999735893499901,0.001,0.00408314026619447,0.741983204095712,0.0302357706030074,0.302325011923149,0.999929240062418,0.916851257113988,0.353792172942919,13,5,11,19,0.541666666666667,0.208333333333333,1,1,"stable",1,1,1,0,68,74,"didNotNotice","""no, looked the same to me""",0,0,0
"641384b3dffcf39ec42d3c23",-93.4237059814331,198.46101499559,0.644614983987879,14.3894500732422,48,TRUE,"grid","30,30,30",0.005,0.244620147524674,0.999746803585538,0.001,0.00397525079547402,0.737019141864021,0.005,0.288468867860315,0.999929038454539,0.812217801499913,0.406108900749956,12,5,12,19,0.5,0.208333333333333,1,1,"volatile",1,1,1,0,68,74,"didNotNotice","""no, looked the same to me""",0,0,0
"648978eef0a4e73b67c9c153",-107.713616020168,227.040835073059,0.603152428358595,12.6747579574585,48,TRUE,"grid","30,30,30",0.162091247675962,0.294489371267037,0.99976330322561,0.001,0.00412758076204016,0.745040546030643,0.0607727315257746,0.341301601037161,0.999933044776499,0.5290677582123,0.0541054848582252,14,9,10,15,0.583333333333333,0.375,1,1,"stable",0,1,1,0.181818181818182,100,100,"didNotNotice","""The blue circle appeared to move quicker than the green circle.""",3,1,0
"648978eef0a4e73b67c9c153",-88.2690220312415,188.151647095207,0.665245967339425,12.8301818370819,48,TRUE,"grid","30,30,30",0.005,0.240943373872388,0.999727761079287,0.001,0.00397939294549288,0.737724462730351,0.005,0.293588355533387,0.999934522819143,0.861454598590915,5.55111512312578e-17,16,8,8,16,0.666666666666667,0.333333333333333,1,1,"volatile",0,1,1,0.181818181818182,100,100,"didNotNotice","""The blue circle appeared to move quicker than the green circle.""",3,1,0
"64a9858be9b52e570ffb3c1e",-101.800551058543,215.214705149809,0.624020566304177,13.7065420150757,48,TRUE,"grid","30,30,30",0.21794296576927,0.294438487378849,0.99974955052867,0.001,0.00419586392319374,0.748439726031235,0.085265746303199,0.343185725622235,0.999933532074296,0.63727872792875,0,15,9,9,15,0.625,0.375,1,1,"stable",0,1,2,0.227272727272727,39,62,"secondBlockIsVolatile","""The first part felt easier to notice someone chasing me, whereas the second part was a little more difficult.""",0,1,0
"64a9858be9b52e570ffb3c1e",-105.66715616969,222.947915372104,0.603227083910302,13.00923204422,48,TRUE,"grid","30,30,30",0.0148011545095324,0.239592865246578,0.999719274263978,0.001,0.00406045246658071,0.741089914504445,0.0103210631167208,0.291374283296442,0.999932848553639,0.535360754909533,-0.163046921840691,16,11,8,13,0.666666666666667,0.458333333333333,1,1,"volatile",0,1,2,0.227272727272727,39,62,"secondBlockIsVolatile","""The first part felt easier to notice someone chasing me, whereas the second part was a little more difficult.""",0,1,0
"64fded008087c1afa0b47d7b",-99.9431886920821,211.499980416888,0.62399765547822,12.1425111293793,48,TRUE,"grid","30,30,30",0.085265746303199,0.210444639677062,0.999662492642564,0.001,0.00408166269573088,0.742108764336154,0.00718713678608101,0.272896357909375,0.999939571868347,0.641155693543382,-0.110149452523766,16,10,8,14,0.666666666666667,0.416666666666667,1,1,"stable",0,14,13,0.772727272727273,31,57,"secondBlockIsVolatile","""less chasing?""",1,0,0
"64fded008087c1afa0b47d7b",-125.787900189359,263.189403411441,0.52084067024451,12.5470910072327,48,TRUE,"grid","30,30,30",0.005,0.235218425740029,0.999747961781725,0.001,0.00392744265459946,0.735349638985367,0.005,0.276288114510516,0.999926311030321,0.112087935331082,-0.374683331629916,16,15,8,9,0.666666666666667,0.625,1,1,"volatile",0,14,13,0.772727272727273,31,57,"secondBlockIsVolatile","""less chasing?""",1,0,0
"651ac88823e71c05dbc1ff63",-127.345345035136,266.304293102996,0.520547867009848,13.8128731250763,48,TRUE,"grid","30,30,30",0.0211843046881439,0.252552174083812,0.999751156271902,0.001,0.00403966669364059,0.740396220058336,0.0103210631167208,0.299469222207945,0.999930151988348,0.10821096971645,0.26453387910615,10,9,14,15,0.416666666666667,0.375,1,1,"stable",0,1,0,0,86,87,"didNotNotice","""I didn't notice a difference""",0,0,0
"651ac88823e71c05dbc1ff63",-121.820385853369,255.254374739461,0.541339546150109,12.4632029533386,48,TRUE,"grid","30,30,30",0.005,0.237156218772786,0.999719062464137,0.001,0.00406100685917932,0.740833493091451,0.0148011545095324,0.286157674319654,0.999931972514979,0.220298905047533,0.320577846771691,10,8,14,16,0.416666666666667,0.333333333333333,1,1,"volatile",0,1,0,0,86,87,"didNotNotice","""I didn't notice a difference""",0,0,0
"654e37a130d94b47675dcebe",-121.886373940953,255.386350914629,0.521461334918799,12.262510061264,48,TRUE,"grid","30,30,30",0.005,0.149072264321833,0.999642524319481,0.001,0.00384026175538384,0.731410116574012,0.005,0.186413021393816,0.999913802191039,0.155203764601789,0.889819683800807,5,4,19,20,0.208333333333333,0.166666666666667,1,1,"stable",0,7,5,0.0454545454545455,88,91,"secondBlockIsVolatile","""I felt there was less following in the second part""",0,0,0
"654e37a130d94b47675dcebe",-71.8889556142952,155.391514261314,0.72717151709141,12.2519390583038,48,TRUE,"grid","30,30,30",0.005,0.245788837351752,0.999739673677042,0.001,0.00398081213237805,0.737599046405768,0.005,0.293991277457553,0.999932045394744,1.24294510079537,0.190745251102228,16,5,8,19,0.666666666666667,0.208333333333333,1,1,"volatile",0,7,5,0.0454545454545455,88,91,"secondBlockIsVolatile","""I felt there was less following in the second part""",0,0,0
"659c4cb7b44bbfadb4a77dff",-110.090306606431,231.794216245586,0.563114443287913,11.8016381263733,48,TRUE,"grid","30,30,30",0.005,0.166809441583698,0.999728998092766,0.001,0.00384785952237194,0.732331246211906,0.005,0.178303558732946,0.999885739260513,0.764242830020544,1.34954298111197,4,1,20,23,0.166666666666667,0.0416666666666667,1,1,"stable",0,1,0,0.227272727272727,66,67,"didNotNotice","""The second part with the blue circle was a bit more easier to follow. But in both cases most times it did not feel like the balls were being followed much, only for a brief time in most cases.""",3,2,3
"659c4cb7b44bbfadb4a77dff",-93.2774969424172,198.168596917558,0.625055493553081,13.4984200000763,48,TRUE,"grid","30,30,30",0.005,0.136364965981678,0.999580533667541,0.001,0.00388797428923463,0.734133152064095,0.005,0.181014244720471,0.999917962992423,1.36234438150531,1.35566194094874,6,0,18,24,0.25,0.0208333333333333,1,1,"volatile",0,1,0,0.227272727272727,66,67,"didNotNotice","""The second part with the blue circle was a bit more easier to follow. But in both cases most times it did not feel like the balls were being followed much, only for a brief time in most cases.""",3,2,3
"66098ccb8d0db61d5a55704d",-78.0981212019395,167.809845436603,0.706610205316394,13.2458598613739,48,TRUE,"grid","30,30,30",0.005,0.252566666787691,0.999734871300706,0.001,0.00404731958139925,0.740124518779475,0.0211843046881439,0.296098332299972,0.99992992402766,1.13085716546429,-0.246789218767769,19,9,5,15,0.791666666666667,0.375,1,1,"stable",0,16,19,1.5,87,85,"didNotNotice","""no difference noticed""",4,1,4
"66098ccb8d0db61d5a55704d",-110.647956095396,232.909515223516,0.582636590176564,12.4938399791718,48,TRUE,"grid","30,30,30",0.005,0.252469359340814,0.999750858841024,0.001,0.00399753203630724,0.73824276887053,0.005,0.294788373598022,0.99992858989709,0.443888827084023,-0.326577869156087,17,13,7,11,0.708333333333333,0.541666666666667,1,1,"volatile",0,16,19,1.5,87,85,"didNotNotice","""no difference noticed""",4,1,4
"6614fb6af3c5aa23b962ea2d",-118.199910592103,248.01342421693,0.561821146667285,12.7332940101624,48,TRUE,"grid","30,30,30",0.11838585053398,0.278310009443899,0.999748987408207,0.001,0.0040990549535269,0.743817759653719,0.0302357706030074,0.330183076980477,0.9999349512966,0.315061849862,0.0528974693169247,13,10,11,14,0.541666666666667,0.416666666666667,1,1,"stable",1,1,0,0,93,96,"didNotNotice","""only that the blue was easier to track on screen""",4,2,4
"6614fb6af3c5aa23b962ea2d",-127.451957501124,266.517518034971,0.520539913283092,12.8121421337128,48,TRUE,"grid","30,30,30",0.005,0.242410630175913,0.999730091275097,0.001,0.00403651032306854,0.740041187951774,0.005,0.292384427902514,0.999932119789335,0.104633455614075,-0.0523167278070376,13,12,11,12,0.541666666666667,0.5,1,1,"volatile",1,1,0,0,93,96,"didNotNotice","""only that the blue was easier to track on screen""",4,2,4
"661e7aea959de3433a8f255d",-90.9310274214711,193.475657875666,0.645423439494155,12.2237148284912,48,TRUE,"grid","30,30,30",0.0211843046881439,0.187955576183858,0.99968810950201,0.001,0.00407010116078581,0.742269604395783,0.0148011545095324,0.238976290477452,0.999928976822171,1.30093709682679,1.08119584770885,8,1,16,23,0.333333333333333,0.0416666666666667,1,1,"stable",0,7,11,1.13636363636364,58,72,"secondBlockIsVolatile","""In the second one it didnt seem like the blue circle was being followed as much and it seemed like the circles were moving a little quicker. """,4,1,2
"661e7aea959de3433a8f255d",-110.314408725934,232.242420484592,0.582695017724622,11.5331501960754,48,TRUE,"grid","30,30,30",0.005,0.240892009467935,0.999742425028266,0.001,0.00403850432791408,0.739828163653554,0.0148011545095324,0.283418525901643,0.999926677739595,0.464061355948157,0.442459072222003,10,6,14,18,0.416666666666667,0.25,1,1,"volatile",0,7,11,1.13636363636364,58,72,"secondBlockIsVolatile","""In the second one it didnt seem like the blue circle was being followed as much and it seemed like the circles were moving a little quicker. """,4,1,2
"6620b6a209127dafd5b2dfb9",-105.911349377023,223.436301786769,0.603194688975215,12.2357201576233,48,TRUE,"grid","30,30,30",0.005,0.251980018801175,0.999727245087795,0.001,0.0040688700554995,0.741223659536234,0.0211843046881439,0.30173756331717,0.999933555382164,0.5290677582123,0.0541054848582252,14,9,10,15,0.583333333333333,0.375,1,1,"stable",0,4,6,0.772727272727273,77,77,"didNotNotice","""I did not notice any difference I was just focusing on chasers.""",3,1,2
"6620b6a209127dafd5b2dfb9",-143.253287537245,298.120178107213,0.458581414520408,12.8284409046173,48,TRUE,"grid","30,30,30",0.005,0.235475689459744,0.999715034415673,0.001,0.00397855316405848,0.737438314099748,0.005,0.291306823002067,0.999936330385524,-0.2140059083503,-0.211636409789225,13,15,11,9,0.541666666666667,0.625,1,1,"volatile",0,4,6,0.772727272727273,77,77,"didNotNotice","""I did not notice any difference I was just focusing on chasers.""",3,1,2
"664232499edbff76093f6a37",-95.0132624617501,201.640127956224,0.64470587356751,13.0570220947266,48,TRUE,"grid","30,30,30",0.085265746303199,0.24467634205326,0.999721001977216,0.001,0.0041491381844541,0.745885845153681,0.0429848376676476,0.298088898090432,0.999932071388444,0.779123205810157,-0.284928147291003,18,11,6,13,0.75,0.458333333333333,1,1,"stable",0,9,0,0.181818181818182,76,83,"secondBlockIsVolatile","""There seemed to be more black circles.""",4,2,4
"664232499edbff76093f6a37",-131.956609946523,275.52682292577,0.500154458588081,12.2148990631104,48,TRUE,"grid","30,30,30",0.0103210631167208,0.214667296709882,0.999701533748374,0.001,0.00402415864803991,0.73944726641879,0.005,0.269035773351475,0.999933704713208,0,0,12,12,12,12,0.5,0.5,1,1,"volatile",0,9,0,0.181818181818182,76,83,"secondBlockIsVolatile","""There seemed to be more black circles.""",4,2,4
"6658b1491e88ec15902d5301",-66.5312661038386,144.676135240401,0.748141378358492,12.9223890304565,48,TRUE,"grid","30,30,30",0.005,0.219734821600286,0.999717593429878,0.001,0.00405857073944911,0.740761537947718,0.0211843046881439,0.25975337838368,0.999924181702494,1.59342252134856,0.586282866426357,14,2,10,22,0.583333333333333,0.0833333333333333,1,1,"stable",0,12,22,0.363636363636364,90,54,"firstBlockIsVolatile","""Blue was chased less, I think?""",2,1,2
"6658b1491e88ec15902d5301",-76.6842348792404,164.982072791204,0.706667366930628,12.831081867218,48,TRUE,"grid","30,30,30",0.005,0.234481197451147,0.999729771577371,0.001,0.00398996262267197,0.737789443316391,0.005,0.281515143571402,0.999930920353012,1.17784996034963,0.378496585926888,14,4,10,20,0.583333333333333,0.166666666666667,1,1,"volatile",0,12,22,0.363636363636364,90,54,"firstBlockIsVolatile","""Blue was chased less, I think?""",2,1,2
"6658c56f3d9230d99c3e6752",-71.8827366694683,155.37907637166,0.727719540705523,11.6647298336029,48,TRUE,"grid","30,30,30",0.162091247675962,0.240704596679248,0.999711009524254,0.001,0.00415173804065958,0.745267937545639,0.0429848376676476,0.287192304748374,0.999930761400593,1.24294510079537,0.190745251102228,16,5,8,19,0.666666666666667,0.208333333333333,1,1,"stable",0,2,0,0.909090909090909,72,89,"firstBlockIsVolatile","""It is easier to notice the chaser here when compared to the first pert. """,4,2,4
"6658c56f3d9230d99c3e6752",-104.847986894765,221.309576822254,0.603335949751584,12.3974828720093,48,TRUE,"grid","30,30,30",0.005,0.213963911410396,0.999688376405709,0.001,0.00403006389676118,0.73973858041575,0.005,0.27090448214024,0.999935627286747,0.535360754909533,-0.163046921840691,16,11,8,13,0.666666666666667,0.458333333333333,1,1,"volatile",0,2,0,0.909090909090909,72,89,"firstBlockIsVolatile","""It is easier to notice the chaser here when compared to the first pert. """,4,2,4
"669424e6b661e0a098ec66a4",-132.441028076757,276.495659186238,0.499888959344832,13.3564639091492,48,TRUE,"grid","30,30,30",0.0211843046881439,0.232939696143898,0.999712225108925,0.001,0.00401096526021416,0.739034762350189,0.005,0.289452540630172,0.99993589643708,0,0.104633455614075,11,11,13,13,0.458333333333333,0.458333333333333,1,1,"stable",0,10,13,0.136363636363636,86,65,"secondBlockIsVolatile","""It may be my imagination, but it felt like it was more sped up with the blue circle.""",0,0,0
"669424e6b661e0a098ec66a4",-108.81605880411,229.245720640943,0.582930027553975,12.4342601299286,48,TRUE,"grid","30,30,30",0.005,0.134003909911563,0.996428183542093,0.001,0.00402791538076626,0.739138790270368,0.0103210631167208,0.292697356543191,0.99993349647845,0.493578437535538,-0.565428582732144,19,15,5,9,0.791666666666667,0.625,1,1,"volatile",0,10,13,0.136363636363636,86,65,"secondBlockIsVolatile","""It may be my imagination, but it felt like it was more sped up with the blue circle.""",0,0,0
"66a41543adadffb17baf40b8",-66.9326838520299,145.478970736783,0.748242654920254,11.3454978466034,48,TRUE,"grid","30,30,30",0.005,0.244306272732922,0.999733816492841,0.001,0.00406614104174329,0.741608725952466,0.0302357706030074,0.282571024865654,0.999924738877298,1.46898874434038,0.415855008205816,15,3,9,21,0.625,0.125,1,1,"stable",1,0,0,1,83,92,"secondBlockIsVolatile","""no i didn't""",3,2,3
"66a41543adadffb17baf40b8",-86.2201550248683,184.05391308246,0.665553205759331,11.7134590148926,48,TRUE,"grid","30,30,30",0.005,0.206802938729442,0.999715304775562,0.001,0.00393264292464154,0.735324962403777,0.005,0.251884328755082,0.999927655232399,1.04571592476193,0.627491417995042,11,3,13,21,0.458333333333333,0.125,1,1,"volatile",1,0,0,1,83,92,"secondBlockIsVolatile","""no i didn't""",3,2,3
"66cec5a3fdf1fe2c010e9971",-103.755439162716,219.124481358156,0.583781002220974,11.4143571853638,48,TRUE,"grid","30,30,30",0.005,0.12797765306051,0.999544311826817,0.001,0.00381384746373285,0.730781629214813,0.005,0.163323317682091,0.999903859388465,0.919446594622332,1.27194109881108,5,1,19,23,0.208333333333333,0.0416666666666667,1,1,"stable",1,9,8,0.409090909090909,27,27,"didNotNotice","""NO, there was no notable difference in the two parts of the experiment apart from just the color change of the chased ball.""",3,2,2
"66cec5a3fdf1fe2c010e9971",-124.426746945627,260.467096923978,0.501513123626837,12.2082171440125,48,TRUE,"grid","30,30,30",0.005,0.133601324266137,0.999584231369842,0.001,0.00385538458211261,0.733322597760482,0.005,0.173999906802139,0.999910504062608,0,1.73166439612225,1,1,23,23,0.0416666666666667,0.0416666666666667,1,1,"volatile",1,9,8,0.409090909090909,27,27,"didNotNotice","""NO, there was no notable difference in the two parts of the experiment apart from just the color change of the chased ball.""",3,2,2
"66d0217be06f8783cc04f0a7",-90.4927589873868,192.599121007497,0.665315819410958,12.2338728904724,48,TRUE,"grid","30,30,30",0.162091247675962,0.28122178474962,0.999757967937096,0.001,0.00406496838604203,0.741772285819746,0.0302357706030074,0.3236962205979,0.999930517851294,0.916851257113988,0.353792172942919,13,5,11,19,0.541666666666667,0.208333333333333,1,1,"stable",0,9,6,0.136363636363636,97,96,"didNotNotice","""No.""",2,1,1
"66d0217be06f8783cc04f0a7",-65.424684297746,142.462971628216,0.747989247203482,12.6445021629333,48,TRUE,"grid","30,30,30",0.005,0.215734601619291,0.999709316486382,0.001,0.00397950471548927,0.737087145550814,0.005,0.266659303608285,0.999931814676912,1.46898874434038,0.415855008205816,15,3,9,21,0.625,0.125,1,1,"volatile",0,9,6,0.136363636363636,97,96,"didNotNotice","""No.""",2,1,1
"66d31a1b0515fe747830bab9",-77.7273896531583,167.06838233904,0.706918765388577,15.0895440578461,48,TRUE,"grid","30,30,30",0.005,0.275110001576923,0.999774857536486,0.001,0.00402887791683313,0.73949475915269,0.0429848376676476,0.297907707625252,0.999919642068133,1.38299412710064,0.691497063550319,12,2,12,22,0.5,0.0833333333333333,1,1,"stable",0,7,9,0.363636363636364,100,100,"didNotNotice","""nothing""",1,0,0
"66d31a1b0515fe747830bab9",-66.4982730122501,144.610149057224,0.747935569116278,13.664057970047,48,TRUE,"grid","30,30,30",0.005,0.243403625731865,0.99973037665893,0.001,0.00402327730858249,0.739318240690265,0.0103210631167208,0.290978938414293,0.99993201168804,1.46898874434038,0.415855008205816,15,3,9,21,0.625,0.125,1,1,"volatile",0,7,9,0.363636363636364,100,100,"didNotNotice","""nothing""",1,0,0
"66d4712f340d9f18e186d041",-104.867333414555,221.348269861834,0.603487790603564,12.1165339946747,48,TRUE,"grid","30,30,30",0.0302357706030074,0.224568602751255,0.999722626230807,0.001,0.00407199076739108,0.74204232609134,0.0148011545095324,0.273926193206647,0.99992867993862,0.569856294582006,0.389561602905079,11,6,13,18,0.458333333333333,0.25,1,1,"stable",0,9,19,0.681818181818182,79,73,"secondBlockIsVolatile","""I didn't really notice any difference. I tried to concentrate more on the whole thing than watching the circle only and that might have been a mistake. You should have exceptions for people who are competitive to keep trying. """,3,1,2
"66d4712f340d9f18e186d041",-82.4853173505514,176.584237733826,0.685885757830606,12.019150018692,48,TRUE,"grid","30,30,30",0.005,0.24940107490538,0.999746922621536,0.001,0.0039656323443841,0.736864650799351,0.005,0.297342138552752,0.999931946792535,1.02264619574784,0.300894703625994,14,5,10,19,0.583333333333333,0.208333333333333,1,1,"volatile",0,9,19,0.681818181818182,79,73,"secondBlockIsVolatile","""I didn't really notice any difference. I tried to concentrate more on the whole thing than watching the circle only and that might have been a mistake. You should have exceptions for people who are competitive to keep trying. """,3,1,2
"66d9cd06e207a93377f7820e",-85.6888929693365,182.991388971397,0.665851121179569,11.8402459621429,48,TRUE,"grid","30,30,30",0.0148011545095324,0.182046410728415,0.999683638366385,0.001,0.00404137483827436,0.74083758893734,0.005,0.234178746977828,0.999929047481145,1.41302503215787,1.02515188004331,9,1,15,23,0.375,0.0416666666666667,1,1,"stable",0,0,0,0.0909090909090909,96,94,"didNotNotice","""I did not notice any difference.""",0,0,0
"66d9cd06e207a93377f7820e",-85.0864295378779,181.786462108479,0.66583049301885,11.7637219429016,48,TRUE,"grid","30,30,30",0.005,0.2091480679802,0.999745943557091,0.001,0.00393341445132009,0.73547758062087,0.005,0.240723383113887,0.999916169670651,1.41302503215787,1.02515188004331,9,1,15,23,0.375,0.0416666666666667,1,1,"volatile",0,0,0,0.0909090909090909,96,94,"didNotNotice","""I did not notice any difference.""",0,0,0
"66e01d1aef057f7e7a25bb34",-72.5746598788398,156.762922790403,0.707614648083916,15.6349141597748,48,TRUE,"grid","30,30,30",0.005,0.124960877914771,0.999483128377107,0.001,0.00388087090589099,0.733474226825135,0.005,0.173339034978916,0.999921391267462,1.82640573745346,1.12363126297466,10,0,14,24,0.416666666666667,0.0208333333333333,1,1,"stable",0,4,2,0.0909090909090909,95,92,"firstBlockIsVolatile","""I thought blue slightly easier but could be just that I was more used to doing it and repetition rather than colour""",1,1,0
"66e01d1aef057f7e7a25bb34",-101.442133139135,214.497869310993,0.603870490874837,12.79576587677,48,TRUE,"grid","30,30,30",0.005,0.17397298817585,0.999669931272444,0.001,0.0039162778954798,0.734745074317261,0.005,0.220621280891946,0.999926603902132,0.71962208108055,0.790538339835733,8,3,16,21,0.333333333333333,0.125,1,1,"volatile",0,4,2,0.0909090909090909,95,92,"firstBlockIsVolatile","""I thought blue slightly easier but could be just that I was more used to doing it and repetition rather than colour""",1,1,0
"66ec4adbeb5602188fdf76f4",-103.530139038,218.673881108723,0.603299588630803,12.8903839588165,48,TRUE,"grid","30,30,30",0.005,0.222233681607853,0.99973204748011,0.001,0.00394046571020218,0.735194356477135,0.005,0.267381906243186,0.999929407336984,0.535360754909533,0.163046921840691,13,8,11,16,0.541666666666667,0.333333333333333,1,1,"stable",0,25,15,0.0454545454545455,84,100,"secondBlockIsVolatile","""I did not notice any thing. I saw that all  the black circles were having same speed and numbers of circles were almost same.""",4,2,4
"66ec4adbeb5602188fdf76f4",-83.4067205578726,178.427044148469,0.685764925427596,13.5936279296875,48,TRUE,"grid","30,30,30",0.005,0.24523088025789,0.999723923618186,0.001,0.00401378757721609,0.738804416489483,0.005,0.298970893236889,0.999935400630822,0.979249581993555,0.0588974917013203,16,7,8,17,0.666666666666667,0.291666666666667,1,1,"volatile",0,25,15,0.0454545454545455,84,100,"secondBlockIsVolatile","""I did not notice any thing. I saw that all  the black circles were having same speed and numbers of circles were almost same.""",4,2,4
"66faeeeafd0c076eec88cfcb",-117.267141935255,246.147886903235,0.561905800397369,11.912868976593,48,TRUE,"grid","30,30,30",0.005,0.264915858321402,0.999749811163328,0.001,0.0040250440527556,0.739380580463766,0.0103210631167208,0.30788294270602,0.999930417215163,0.326093843681382,-0.267680377454766,16,13,8,11,0.666666666666667,0.541666666666667,1,1,"stable",0,4,1,0.0454545454545455,84,98,"secondBlockIsVolatile","""I thought the blue circle was moving quicker but I might be mistaken.""",1,1,0
"66faeeeafd0c076eec88cfcb",-117.268822265342,246.151247563408,0.561725073043338,12.4096992015839,48,TRUE,"grid","30,30,30",0.005,0.270167463560318,0.999755072858125,0.001,0.00403831544649484,0.740398800503207,0.0148011545095324,0.317216716248778,0.999932819555432,0.315061849862,-0.0528974693169247,14,11,10,13,0.583333333333333,0.458333333333333,1,1,"volatile",0,4,1,0.0454545454545455,84,98,"secondBlockIsVolatile","""I thought the blue circle was moving quicker but I might be mistaken.""",1,1,0
"671a5785170a0f6380c51f28",-86.9505801600571,185.514763352838,0.665679982533184,12.5816159248352,48,TRUE,"grid","30,30,30",0.0302357706030074,0.202125076098884,0.9996929825158,0.001,0.00412620233324229,0.744240952309588,0.0211843046881439,0.256545395754186,0.999931632548942,1.17256573285271,0.796711260674282,10,2,14,22,0.416666666666667,0.0833333333333333,1,1,"stable",0,8,2,0.727272727272727,80,67,"firstBlockIsVolatile","""NONE""",3,1,4
"671a5785170a0f6380c51f28",-104.890455399891,221.394513832505,0.603314817770194,11.8214468955994,48,TRUE,"grid","30,30,30",0.005,0.230601792919563,0.999718611364027,0.001,0.00404910759112544,0.740117245308015,0.0103210631167208,0.279017639239111,0.99993122367644,0.548522282698098,0.274261141349049,12,7,12,17,0.5,0.291666666666667,1,1,"volatile",0,8,2,0.727272727272727,80,67,"firstBlockIsVolatile","""NONE""",3,1,4
"6720f4ced2a11d4e702566fa",-71.0216057769645,153.656814586653,0.727661739573374,14.6507449150085,48,TRUE,"grid","30,30,30",0.0302357706030074,0.196581745288106,0.999669235495259,0.001,0.00412150694615739,0.743855674925573,0.0148011545095324,0.254949731818072,0.99993585495577,1.48762758271471,0.639180335743282,13,2,11,22,0.541666666666667,0.0833333333333333,1,1,"stable",0,5,2,0.227272727272727,100,100,"didNotNotice","""I did not notice anything different.  This is an extremely difficult task.  """,2,1,2
"6720f4ced2a11d4e702566fa",-157.902015158622,327.417633349967,0.397026276897188,13.0837750434875,48,TRUE,"grid","30,30,30",0.005,0.21152560755092,0.999707732559659,0.001,0.00398951789958047,0.737761922105338,0.005,0.261824304631241,0.999931314305646,-0.601789407251988,0.511323097873919,5,10,19,14,0.208333333333333,0.416666666666667,1,1,"volatile",0,5,2,0.227272727272727,100,100,"didNotNotice","""I did not notice anything different.  This is an extremely difficult task.  """,2,1,2
"6722ea20fb84b196f0a649b6",-75.4470582422117,162.507719517147,0.707106234762921,12.3749840259552,48,TRUE,"grid","30,30,30",0.0211843046881439,0.19724145319856,0.999687103165095,0.001,0.00408624899258219,0.742693161184713,0.0148011545095324,0.25093318028447,0.999931564241055,1.62703094050817,0.91814892586816,11,1,13,23,0.458333333333333,0.0416666666666667,1,1,"stable",1,6,1,0.0454545454545455,70,84,"secondBlockIsVolatile","""second part felt like there were fewer chasers""",0,0,0
"6722ea20fb84b196f0a649b6",-59.6301975527515,130.873998138227,0.768720407572536,11.9739508628845,48,TRUE,"grid","30,30,30",0.005,0.230185162883416,0.999727024686786,0.001,0.00395710940630766,0.73632130008488,0.005,0.277343851509286,0.999930388207283,1.94209279037017,0.76061800093716,14,1,10,23,0.583333333333333,0.0416666666666667,1,1,"volatile",1,6,1,0.0454545454545455,70,84,"secondBlockIsVolatile","""second part felt like there were fewer chasers""",0,0,0
"67269f439696d166fbb74e09",-127.953178844402,267.519960721527,0.500844575473084,11.9030599594116,48,TRUE,"grid","30,30,30",0.005,0.204850245771458,0.999767968056795,0.001,0.00384736087577549,0.731787959234646,0.005,0.217933933354647,0.999898762819208,0,0.967421566101701,4,4,20,20,0.166666666666667,0.166666666666667,1,1,"stable",0,6,0,0.727272727272727,73,83,"secondBlockIsVolatile","""The ball chasing the green ball were in closer range compared to the one chasing the blue ball""",3,1,3
"67269f439696d166fbb74e09",-96.1918949639386,203.997392960601,0.624516274196963,11.6923398971558,48,TRUE,"grid","30,30,30",0.005,0.226164570314446,0.999764814936029,0.001,0.00392485863963581,0.735095630599278,0.005,0.253806967195308,0.999914896121975,0.952266827805181,0.906860713198048,8,2,16,22,0.333333333333333,0.0833333333333333,1,1,"volatile",0,6,0,0.727272727272727,73,83,"secondBlockIsVolatile","""The ball chasing the green ball were in closer range compared to the one chasing the blue ball""",3,1,3
"67294473dbb580a0ca93f60f",-81.6449974532418,174.903597939207,0.686302108363934,12.1959578990936,48,TRUE,"grid","30,30,30",0.005,0.193098688483316,0.999712749421051,0.001,0.00398867293331582,0.737679396988709,0.0103210631167208,0.227050732938499,0.999917726900507,1.15034938037601,0.575174690188004,12,3,12,21,0.5,0.125,1,1,"stable",0,4,14,0.227272727272727,75,89,"secondBlockIsVolatile","""Yes, in second part when it was blue, it moved much faster""",4,2,4
"67294473dbb580a0ca93f60f",-103.464267654626,218.542138341976,0.583919279746027,17.159649848938,48,TRUE,"grid","30,30,30",0.005,0.134359882835405,0.99958397912581,0.001,0.00388469356482455,0.734053503822151,0.005,0.17667924201663,0.999915469565096,1.06941256559969,1.50212784890155,4,0,20,24,0.166666666666667,0.0208333333333333,1,1,"volatile",0,4,14,0.227272727272727,75,89,"secondBlockIsVolatile","""Yes, in second part when it was blue, it moved much faster""",4,2,4
"6730f965beb7513190d2be93",-94.1576844046657,199.928971842055,0.624886685319152,13.3749310970306,48,TRUE,"grid","30,30,30",0.005,0.184113052311824,0.999759363770223,0.001,0.00385828037189011,0.732483383296674,0.00718713678608101,0.189211615400751,0.99988285624648,1.36234438150531,1.35566194094874,6,0,18,24,0.25,0.0208333333333333,1,1,"stable",0,3,0,0,72,77,"secondBlockIsVolatile","""no, it seemed mostly just as random. I didn't notice any difference in speed etc.""",0,0,0
"6730f965beb7513190d2be93",-120.870637751247,253.354878535218,0.521792957978852,11.9425370693207,48,TRUE,"grid","30,30,30",0.005,0.173193919489635,0.999730237311046,0.001,0.00386533677897795,0.733427390797315,0.005,0.198070316052267,0.999901067058641,0.232644746724631,1.26667175373832,3,2,21,22,0.125,0.0833333333333333,1,1,"volatile",0,3,0,0,72,77,"secondBlockIsVolatile","""no, it seemed mostly just as random. I didn't notice any difference in speed etc.""",0,0,0
"6732736f57f1a61ec4a6db24",-116.959823378359,245.533249789442,0.561795945009309,12.5712010860443,48,TRUE,"grid","30,30,30",0.0103210631167208,0.254033383599867,0.999736040708664,0.001,0.00407061150273627,0.741426220285508,0.0211843046881439,0.302649614217911,0.999932374572672,0.315061849862,0.0528974693169247,13,10,11,14,0.541666666666667,0.416666666666667,1,1,"stable",0,6,0,0.181818181818182,80,82,"firstBlockIsVolatile","""The blue circle (second half) felt more identifiable when they were being chased.""",2,1,1
"6732736f57f1a61ec4a6db24",-60.905613266117,133.424829564958,0.768414548601889,11.6955997943878,48,TRUE,"grid","30,30,30",0.005,0.26133535776997,0.99975486959901,0.001,0.00395309286453136,0.736493899248629,0.005,0.310607824640343,0.999934689873916,1.48670755169599,-0.0688640256519156,19,6,5,18,0.791666666666667,0.25,1,1,"volatile",0,6,0,0.181818181818182,80,82,"firstBlockIsVolatile","""The blue circle (second half) felt more identifiable when they were being chased.""",2,1,1
"675ab3f6c12c9e3fd27046b3",-73.201553408845,158.016709850414,0.727307584068272,12.4810478687286,48,TRUE,"grid","30,30,30",0.11838585053398,0.239674818255655,0.999719373654165,0.001,0.00413736814141936,0.744387828104677,0.0429848376676476,0.28460473735316,0.999928298021717,1.28606093006608,0.324391101068663,15,4,9,20,0.625,0.166666666666667,1,1,"stable",0,16,11,0.0454545454545455,21,85,"secondBlockIsVolatile","""i think it was slightly quicker on the second go in terms of the ball speed. """,3,1,1
"675ab3f6c12c9e3fd27046b3",-93.8990298235702,199.411662679864,0.644583359291044,13.122948884964,48,TRUE,"grid","30,30,30",0.005,0.246245255303197,0.999738294575796,0.001,0.00402694735191237,0.739425489036206,0.005,0.293145655235492,0.999931122652664,0.749366663259833,0.0560439676655412,15,8,9,16,0.625,0.333333333333333,1,1,"volatile",0,16,11,0.0454545454545455,21,85,"secondBlockIsVolatile","""i think it was slightly quicker on the second go in terms of the ball speed. """,3,1,1
"676179379b7655a22c088f6d",-79.4697390458819,170.553081124488,0.706772009585618,13.1368460655212,48,TRUE,"grid","30,30,30",0.11838585053398,0.266940079665246,0.999739233300292,0.001,0.00411035166861459,0.744177517484309,0.0302357706030074,0.315440192787954,0.999930787612374,1.13085716546429,0.246789218767769,15,5,9,19,0.625,0.208333333333333,1,1,"stable",0,5,4,0,85,85,"didNotNotice","""The circles appeared to be thicker in the second set (with the blue circle)""",1,1,0
"676179379b7655a22c088f6d",-60.7523995359152,133.118402104554,0.768542361000416,11.5594248771667,48,TRUE,"grid","30,30,30",0.005,0.241008490700097,0.999723057524301,0.001,0.00401993649249278,0.739236057766957,0.005,0.293203574727699,0.999934159427583,1.5159438487998,0.209449641701802,17,4,7,20,0.708333333333333,0.166666666666667,1,1,"volatile",0,5,4,0,85,85,"didNotNotice","""The circles appeared to be thicker in the second set (with the blue circle)""",1,1,0
"6765fa2e271d03199d7035c2",-80.9031085517712,173.419820136266,0.686601937578755,11.7444190979004,48,TRUE,"grid","30,30,30",0.0211843046881439,0.215512185110952,0.999716067042922,0.001,0.00408285390569201,0.743093426375591,0.0211843046881439,0.264676434645842,0.999928406610768,1.52123600187432,0.971046395185085,10,1,14,23,0.416666666666667,0.0416666666666667,1,1,"stable",0,26,15,1.04545454545455,89,99,"secondBlockIsVolatile","""I felt like there were less chasers chasing the blue circle in comparison to the green circle""",4,2,4
"6765fa2e271d03199d7035c2",-97.4049025791291,206.423408190982,0.624414954567961,11.7658908367157,48,TRUE,"grid","30,30,30",0.005,0.229469683327009,0.999753129645244,0.001,0.00396213497447234,0.736681909244823,0.005,0.264953217650617,0.999921222367529,0.756993171853777,0.588924980174813,10,4,14,20,0.416666666666667,0.166666666666667,1,1,"volatile",0,26,15,1.04545454545455,89,99,"secondBlockIsVolatile","""I felt like there were less chasers chasing the blue circle in comparison to the green circle""",4,2,4
"6769c86e21cbe4cb5a672ad8",-95.3802927086513,202.374188450026,0.62489670498039,11.8249468803406,48,TRUE,"grid","30,30,30",0.0148011545095324,0.195503768834816,0.999724073013795,0.001,0.00405475582128665,0.741748642393576,0.0148011545095324,0.237258697211523,0.999921277662462,1.18314211342415,1.14009333941017,7,1,17,23,0.291666666666667,0.0416666666666667,1,1,"stable",0,2,0,0,90,90,"secondBlockIsVolatile","""Possibly there were less chasers in the 2nd experiment.""",0,0,0
"6769c86e21cbe4cb5a672ad8",-101.145608330505,213.904819693734,0.604030448144415,11.6842260360718,48,TRUE,"grid","30,30,30",0.005,0.181383635013302,0.99970651596343,0.001,0.00393661239614366,0.735459874702343,0.005,0.217647907475921,0.999918785919429,0.834471844402541,0.965758204899368,7,2,17,22,0.291666666666667,0.0833333333333333,1,1,"volatile",0,2,0,0,90,90,"secondBlockIsVolatile","""Possibly there were less chasers in the 2nd experiment.""",0,0,0
"676b89007874c8eace113276",-71.569812908065,154.753228848854,0.727579432327022,11.5079720020294,48,TRUE,"grid","30,30,30",0.0429848376676476,0.185695341732722,0.99964494733179,0.001,0.00416877532010385,0.746473379420599,0.0211843046881439,0.248256124402749,0.999938375209223,1.48762758271471,0.639180335743282,13,2,11,22,0.541666666666667,0.0833333333333333,1,1,"stable",0,13,0,0.0454545454545455,78,75,"didNotNotice","""I did not notice any difference""",0,0,0
"676b89007874c8eace113276",-64.4066704080096,140.426943848743,0.748186074543722,11.9301991462708,48,TRUE,"grid","30,30,30",0.005,0.180229382593133,0.999661847821048,0.001,0.00397502633979344,0.73698049908256,0.005,0.234502961199128,0.999933666395156,1.46898874434038,0.415855008205816,15,3,9,21,0.625,0.125,1,1,"volatile",0,13,0,0.0454545454545455,78,75,"didNotNotice","""I did not notice any difference""",0,0,0
"6773dea609f77d473900997a",-125.976341543916,263.566286120555,0.520827276598802,11.793802022934,48,TRUE,"grid","30,30,30",0.005,0.241454481579049,0.999763554552658,0.001,0.00393934878193228,0.735361247386778,0.005,0.269562500530152,0.999919025335513,0.117794983402641,0.489624790996778,8,7,16,17,0.333333333333333,0.291666666666667,1,1,"stable",0,13,9,0.272727272727273,87,83,"firstBlockIsVolatile","""The only difference I noticed is that it was a bit easier to tell if there was a chaser in the second experiment compared to the first one.""",3,2,4
"6773dea609f77d473900997a",-100.500781397422,212.615165827569,0.604071100642375,11.9108901023865,48,TRUE,"grid","30,30,30",0.005,0.147208160526109,0.999606976691791,0.001,0.00392111610018049,0.734958640326176,0.005,0.194412658694159,0.999925169164857,0.834471844402541,0.965758204899368,7,2,17,22,0.291666666666667,0.0833333333333333,1,1,"volatile",0,13,9,0.272727272727273,87,83,"firstBlockIsVolatile","""The only difference I noticed is that it was a bit easier to tell if there was a chaser in the second experiment compared to the first one.""",3,2,4
"6773e6e6b205d22a2e097735",-95.3255581017897,202.264719236303,0.624612459593951,11.2901968955994,48,TRUE,"grid","30,30,30",0.005,0.174993357833129,0.999704593952153,0.001,0.00388526017669213,0.732839259216997,0.005,0.202982853411364,0.999911053677339,0.952266827805181,0.906860713198048,8,2,16,22,0.333333333333333,0.0833333333333333,1,1,"stable",0,21,17,0,73,75,"didNotNotice","""No difference noticed""",0,0,0
"6773e6e6b205d22a2e097735",-75.4009573486926,162.415517730109,0.706904953262105,11.4012081623077,48,TRUE,"grid","30,30,30",0.005,0.230161449892916,0.999750814924424,0.001,0.00392832625985335,0.735174232600123,0.005,0.267041268193652,0.999922830534438,1.38299412710064,0.691497063550319,12,2,12,22,0.5,0.0833333333333333,1,1,"volatile",0,21,17,0,73,75,"didNotNotice","""No difference noticed""",0,0,0
"677c4ec6bf1d6e16cf3d3055",-60.7853018030765,133.184206638877,0.768717272515989,11.668979883194,48,TRUE,"grid","30,30,30",0.005,0.234212214816026,0.999739065544404,0.001,0.00399690698495596,0.7378956103274,0.00718713678608101,0.270735829510831,0.999923032188508,1.70163349106501,0.532177381568132,15,2,9,22,0.625,0.0833333333333333,1,1,"stable",0,9,0,0,78,88,"secondBlockIsVolatile","""I found it harder to determine whether the circle was being followed when it was blue""",0,0,0
"677c4ec6bf1d6e16cf3d3055",-60.9424231451955,133.498449323115,0.768500540982388,11.5334179401398,48,TRUE,"grid","30,30,30",0.005,0.254316358298093,0.999745170325772,0.001,0.00398850317693977,0.737898722790042,0.005,0.303620917719446,0.999933222096578,1.48670755169599,-0.0688640256519156,19,6,5,18,0.791666666666667,0.25,1,1,"volatile",0,9,0,0,78,88,"secondBlockIsVolatile","""I found it harder to determine whether the circle was being followed when it was blue""",0,0,0
"67e48fe0292eb135e6a513d8",-121.20795512509,254.029513282905,0.541419638669819,11.558277130127,48,TRUE,"grid","30,30,30",0.0429848376676476,0.22992451636233,0.999704628067842,0.001,0.0040348488402912,0.740640005221055,0.005,0.291147365571734,0.99993691940161,0.2140059083503,0.211636409789225,11,9,13,15,0.458333333333333,0.375,1,1,"stable",0,10,17,2,87,74,"didNotNotice","""in the 2nd part, the circles seem to move a bit slower""",4,2,4
"67e48fe0292eb135e6a513d8",-81.8408270061661,175.295257045056,0.686091612255744,12.0554621219635,48,TRUE,"grid","30,30,30",0.005,0.204711759001932,0.999699701230985,0.001,0.00400467648635564,0.738533413664325,0.005,0.254887484615364,0.999931350692971,1.02264619574784,0.300894703625994,14,5,10,19,0.583333333333333,0.208333333333333,1,1,"volatile",0,10,17,2,87,74,"didNotNotice","""in the 2nd part, the circles seem to move a bit slower""",4,2,4
"682c3f62f2680e9a67130379",-127.446545332085,266.506693696894,0.520532637157128,12.404189825058,48,TRUE,"grid","30,30,30",0.005,0.245291053783032,0.999725215427861,0.001,0.00401055019266484,0.73893651681582,0.005,0.297211272662228,0.999934824555751,0.104633455614075,-0.0523167278070376,13,12,11,12,0.541666666666667,0.5,1,1,"stable",0,8,0,0.636363636363636,38,50,"secondBlockIsVolatile","""No""",4,2,3
"682c3f62f2680e9a67130379",-76.4004966742608,164.414596381245,0.706658566086139,13.4100170135498,48,TRUE,"grid","30,30,30",0.005,0.212909281915378,0.999702606170062,0.001,0.00398389485320168,0.737531575931645,0.005,0.265088687909983,0.999933388781513,1.13085716546429,-0.246789218767769,19,9,5,15,0.791666666666667,0.375,1,1,"volatile",0,8,0,0.636363636363636,38,50,"secondBlockIsVolatile","""No""",4,2,3
